,close
2014-01-01,1.0169265270233154
2014-01-02,0.9722006320953369
2014-01-03,0.9886781573295593
2014-01-06,0.9980944991111755
2014-01-07,1.00044846534729
2014-01-08,0.9722006320953369
2014-01-09,0.9486606121063232
2014-01-10,0.9604305028915405
2014-01-13,0.9533686637878418
2014-01-14,0.9439526200294495
2014-01-15,0.9533686637878418
2014-01-16,0.9345364570617676
2014-01-17,0.9368906021118164
2014-01-20,0.9298287034034729
2014-01-21,0.9321825504302979
2014-01-22,0.9392444491386414
2014-01-23,0.9345364570617676
2014-01-24,0.9251205921173096
2014-01-27,0.9180588126182556
2014-01-28,0.9109965562820435
2014-01-29,0.899226725101471
2014-01-30,0.9251205921173096
2014-01-31,0.9180588126182556
2014-02-03,0.9086425304412842
2014-02-04,0.9415987133979797
2014-02-05,0.9392444491386414
2014-02-06,0.9368906021118164
2014-02-07,0.9274746179580688
2014-02-10,0.9180588126182556
2014-02-11,0.9204124808311462
2014-02-12,0.9251205921173096
2014-02-13,0.9133505821228027
2014-02-14,0.9180588126182556
2014-02-17,0.9227666854858398
2014-02-18,0.915704607963562
2014-02-19,0.9039347171783447
2014-02-20,0.9039347171783447
2014-02-21,0.9415987133979797
2014-02-24,0.9486606121063232
2014-02-25,0.9180588126182556
2014-02-26,0.915704607963562
2014-02-27,0.915704607963562
2014-02-28,0.9415987133979797
2014-03-03,0.9886781573295593
2014-03-04,0.9580767750740051
2014-03-05,0.9792622923851013
2014-03-06,1.026342511177063
2014-03-07,1.0028023719787598
2014-03-10,0.9769083857536316
2014-03-11,0.9898555278778076
2014-03-12,0.9863244891166687
2014-03-13,0.9898555278778076
2014-03-14,0.9804394841194153
2014-03-17,0.9945636987686157
2014-03-18,1.0039795637130737
2014-03-19,1.0086876153945923
2014-03-20,0.9851477742195129
2014-03-21,0.9686695337295532
2014-03-24,0.9498375058174133
2014-03-25,0.9521916508674622
2014-03-26,0.9733777642250061
2014-03-27,0.9568994641304016
2014-03-28,0.9733777642250061
2014-03-31,1.0133954286575317
2014-04-01,1.0192804336547852
2014-04-02,1.0086876153945923
2014-04-03,1.0133954286575317
2014-04-04,1.0192804336547852
2014-04-07,1.0451743602752686
2014-04-08,1.0710684061050415
2014-04-09,1.0592981576919556
2014-04-10,1.076953411102295
2014-04-11,1.055767297744751
2014-04-14,1.0793074369430542
2014-04-15,1.0710684061050415
2014-04-16,1.0663602352142334
2014-04-17,1.0745995044708252
2014-04-18,1.0969624519348145
2014-04-21,1.0899006128311157
2014-04-22,1.0899006128311157
2014-04-23,1.0899006128311157
2014-04-24,1.100493311882019
2014-04-25,1.0934312343597412
2014-04-28,1.0957852602005005
2014-04-29,1.0887231826782227
2014-04-30,1.1028474569320679
2014-05-01,1.1028474569320679
2014-05-02,1.1028474569320679
2014-05-05,1.1110866069793701
2014-05-06,1.1205023527145386
2014-05-07,1.1052013635635376
2014-05-08,1.1122632026672363
2014-05-09,1.101670265197754
2014-05-12,1.0851925611495972
2014-05-13,1.0675371885299683
2014-05-14,1.0828382968902588
2014-05-15,1.0910770893096924
2014-05-16,1.0816614627838135
2014-05-19,1.0816614627838135
2014-05-20,1.0710684061050415
2014-05-21,1.0910770893096924
2014-05-22,1.100493311882019
2014-05-23,1.092254400253296
2014-05-26,1.0981394052505493
2014-05-27,1.1040245294570923
2014-05-28,1.1052013635635376
2014-05-29,1.1052013635635376
2014-05-30,1.1099348068237305
2014-06-02,1.111117959022522
2014-06-03,1.117034673690796
2014-06-04,1.1158511638641357
2014-06-05,1.1158511638641357
2014-06-06,1.1182177066802979
2014-06-09,1.1146678924560547
2014-06-10,1.1182177066802979
2014-06-11,1.0933682918548584
2014-06-12,1.1016513109207153
2014-06-13,1.1063847541809082
2014-06-16,1.09573495388031
2014-06-17,1.0921850204467773
2014-06-18,1.0981014966964722
2014-06-19,1.1099348068237305
2014-06-20,1.1063847541809082
2014-06-23,1.0981014966964722
2014-06-24,1.0992848873138428
2014-06-25,1.1016513109207153
2014-06-26,1.09573495388031
2014-06-27,1.1016513109207153
2014-06-30,1.111117959022522
2014-07-01,1.1063847541809082
2014-07-02,1.0921850204467773
2014-07-03,1.1004681587219238
2014-07-04,1.0933682918548584
2014-07-07,1.09573495388031
2014-07-08,1.09573495388031
2014-07-09,1.119400978088379
2014-07-10,1.1182177066802979
2014-07-11,1.117034673690796
2014-07-14,1.1182177066802979
2014-07-15,1.1182177066802979
2014-07-16,1.1146678924560547
2014-07-17,1.1087514162063599
2014-07-18,1.1146678924560547
2014-07-21,1.1146678924560547
2014-07-22,1.112301230430603
2014-07-23,1.1099348068237305
2014-07-24,1.0862687826156616
2014-07-25,1.120584487915039
2014-07-28,1.120584487915039
2014-07-29,1.120584487915039
2014-07-30,1.120584487915039
2014-07-31,1.1099348068237305
2014-08-01,1.111117959022522
2014-08-04,1.1075679063796997
2014-08-05,1.09573495388031
2014-08-06,1.0862687826156616
2014-08-07,1.0898184776306152
2014-08-08,1.0992848873138428
2014-08-11,1.077985405921936
2014-08-12,1.0720689296722412
2014-08-13,1.0886350870132446
2014-08-14,1.1075679063796997
2014-08-15,1.0933682918548584
2014-08-18,1.09573495388031
2014-08-19,1.0992848873138428
2014-08-20,1.1312336921691895
2014-08-21,1.122950792312622
2014-08-22,1.1217676401138306
2014-08-25,1.130050778388977
2014-08-26,1.1383339166641235
2014-08-27,1.128867268562317
2014-08-28,1.1359668970108032
2014-08-29,1.1407005786895752
2014-09-01,1.1560834646224976
2014-09-02,1.1631832122802734
2014-09-03,1.1702828407287598
2014-09-04,1.175015926361084
2014-09-05,1.166732907295227
2014-09-08,1.175015926361084
2014-09-09,1.1548999547958374
2014-09-10,1.1395171880722046
2014-09-11,1.130050778388977
2014-09-12,1.1182177066802979
2014-09-15,1.13241708278656
2014-09-16,1.128867268562317
2014-09-17,1.1336002349853516
2014-09-18,1.122950792312622
2014-09-19,1.1265008449554443
2014-09-22,1.130050778388977
2014-09-23,1.1347838640213013
2014-09-24,1.1075679063796997
2014-09-25,1.1146678924560547
2014-09-26,1.096917986869812
2014-09-29,1.0862687826156616
2014-09-30,1.0886350870132446
2014-10-01,1.0827187299728394
2014-10-02,1.1182177066802979
2014-10-03,1.1525334119796753
2014-10-06,1.1182177066802979
2014-10-07,1.1182177066802979
2014-10-08,1.1809325218200684
2014-10-09,1.1868489980697632
2014-10-10,1.183298945426941
2014-10-13,1.2010486125946045
2014-10-14,1.1773827075958252
2014-10-15,1.1797493696212769
2014-10-16,1.175015926361084
2014-10-17,1.1951322555541992
2014-10-20,1.1892155408859253
2014-10-21,1.1951322555541992
2014-10-22,1.183298945426941
2014-10-23,1.1892155408859253
2014-10-24,1.1892155408859253
2014-10-27,1.1892155408859253
2014-10-28,1.1892155408859253
2014-10-29,1.1892155408859253
2014-10-30,1.1951322555541992
2014-10-31,1.1951322555541992
2014-11-03,1.236547589302063
2014-11-04,1.2424639463424683
2014-11-05,1.2187979221343994
2014-11-06,1.183298945426941
2014-11-07,1.1974986791610718
2014-11-10,1.2010486125946045
2014-11-11,1.2187979221343994
2014-11-12,1.2187979221343994
2014-11-13,1.230630874633789
2014-11-14,1.230630874633789
2014-11-17,1.2247143983840942
2014-11-18,1.2187979221343994
2014-11-19,1.236547589302063
2014-11-20,1.236547589302063
2014-11-21,1.2661300897598267
2014-11-24,1.3312115669250488
2014-11-25,1.3430445194244385
2014-11-26,1.3193782567977905
2014-11-27,1.30754554271698
2014-11-28,1.30754554271698
2014-12-01,1.2720463275909424
2014-12-02,1.2779630422592163
2014-12-03,1.2720463275909424
2014-12-04,1.3134620189666748
2014-12-05,1.3134620189666748
2014-12-08,1.2957124710083008
2014-12-09,1.2957124710083008
2014-12-10,1.30754554271698
2014-12-11,1.3016290664672852
2014-12-12,1.3134620189666748
2014-12-15,1.3016290664672852
2014-12-16,1.230630874633789
2014-12-17,1.2779630422592163
2014-12-18,1.2897961139678955
2014-12-19,1.2957124710083008
2014-12-22,1.3312115669250488
2014-12-23,1.3252949714660645
2014-12-24,1.348960518836975
2014-12-25,1.3844597339630127
2014-12-26,1.43179190158844
2014-12-29,1.4022094011306763
2014-12-30,1.3903762102127075
2014-12-31,1.4199590682983398
2015-01-01,1.4199590682983398
2015-01-02,1.4199590682983398
2015-01-05,1.43179190158844
2015-01-06,1.4495413303375244
2015-01-07,1.4495413303375244
2015-01-08,1.4199590682983398
2015-01-09,1.4140422344207764
2015-01-12,1.4199590682983398
2015-01-13,1.396293044090271
2015-01-14,1.3667103052139282
2015-01-15,1.354877233505249
2015-01-16,1.3844597339630127
2015-01-19,1.3844597339630127
2015-01-20,1.3726269006729126
2015-01-21,1.3844597339630127
2015-01-22,1.4022094011306763
2015-01-23,1.4377082586288452
2015-01-26,1.4436249732971191
2015-01-27,1.4377082586288452
2015-01-28,1.4436249732971191
2015-01-29,1.4199590682983398
2015-01-30,1.4081259965896606
2015-02-02,1.4081259965896606
2015-02-03,1.3903762102127075
2015-02-04,1.354877233505249
2015-02-05,1.3607940673828125
2015-02-06,1.3430445194244385
2015-02-09,1.3252949714660645
2015-02-10,1.3252949714660645
2015-02-11,1.3430445194244385
2015-02-12,1.354877233505249
2015-02-13,1.3607940673828125
2015-02-16,1.3785432577133179
2015-02-17,1.354877233505249
2015-02-18,1.3785432577133179
2015-02-19,1.3667103052139282
2015-02-20,1.3607940673828125
2015-02-23,1.396293044090271
2015-02-24,1.4140422344207764
2015-02-25,1.396293044090271
2015-02-26,1.396293044090271
2015-02-27,1.4199590682983398
2015-03-02,1.43179190158844
2015-03-03,1.4140422344207764
2015-03-04,1.396293044090271
2015-03-05,1.3726269006729126
2015-03-06,1.4081259965896606
2015-03-09,1.4081259965896606
2015-03-10,1.4022094011306763
2015-03-11,1.3903762102127075
2015-03-12,1.4022094011306763
2015-03-13,1.3903762102127075
2015-03-16,1.4377082586288452
2015-03-17,1.43179190158844
2015-03-18,1.4199590682983398
2015-03-19,1.4258753061294556
2015-03-20,1.4554576873779297
2015-03-23,1.4732073545455933
2015-03-24,1.4495413303375244
2015-03-25,1.485040545463562
2015-03-26,1.4672908782958984
2015-03-27,1.4613744020462036
2015-03-30,1.4613744020462036
2015-03-31,1.4613744020462036
2015-04-01,1.4672908782958984
2015-04-02,1.485040545463562
2015-04-03,1.4732073545455933
2015-04-06,1.5027896165847778
2015-04-07,1.550121784210205
2015-04-08,1.6092866659164429
2015-04-09,1.627036213874817
2015-04-10,1.6152033805847168
2015-04-13,1.6329525709152222
2015-04-14,1.6033703088760376
2015-04-15,1.6388694047927856
2015-04-16,1.644785761833191
2015-04-17,1.6211198568344116
2015-04-20,1.6211198568344116
2015-04-21,1.6329525709152222
2015-04-22,1.6388694047927856
2015-04-23,1.6388694047927856
2015-04-24,1.674368143081665
2015-04-27,1.6862010955810547
2015-04-28,1.6625351905822754
2015-04-29,1.6625351905822754
2015-04-30,1.6507022380828857
2015-05-01,1.6507022380828857
2015-05-04,1.7335331439971924
2015-05-05,1.8104475736618042
2015-05-06,1.7986146211624146
2015-05-07,1.7453663349151611
2015-05-08,1.7690322399139404
2015-05-11,1.7986146211624146
2015-05-12,1.7749488353729248
2015-05-13,1.7690322399139404
2015-05-14,1.7453663349151611
2015-05-15,1.7394496202468872
2015-05-18,1.7749488353729248
2015-05-19,1.7749488353729248
2015-05-20,1.786781668663025
2015-05-21,1.786781668663025
2015-05-22,1.7749488353729248
2015-05-25,1.7276166677474976
2015-05-26,1.7512824535369873
2015-05-27,1.763115644454956
2015-05-28,1.709867000579834
2015-05-29,1.6656876802444458
2015-06-01,1.6238963603973389
2015-06-02,1.641806721687317
2015-06-03,1.641806721687317
2015-06-04,1.641806721687317
2015-06-05,1.641806721687317
2015-06-08,1.5044920444488525
2015-06-09,1.546283483505249
2015-06-10,1.576134443283081
2015-06-11,1.6000155210494995
2015-06-12,1.6000155210494995
2015-06-15,1.5343431234359741
2015-06-16,1.5224027633666992
2015-06-17,1.5403132438659668
2015-06-18,1.558223843574524
2015-06-19,1.5880749225616455
2015-06-22,1.6298662424087524
2015-06-23,1.6537474393844604
2015-06-24,1.7373303174972534
2015-06-25,1.70150887966156
2015-06-26,1.683598279953003
2015-06-29,1.6656876802444458
2015-06-30,1.659717321395874
2015-07-01,1.6955386400222778
2015-07-02,1.719419240951538
2015-07-03,1.6895685195922852
2015-07-06,1.7074790000915527
2015-07-07,1.7791213989257812
2015-07-08,1.7492706775665283
2015-07-09,1.791062355041504
2015-07-10,1.8328535556793213
2015-07-13,1.8686749935150146
2015-07-14,1.8149428367614746
2015-07-15,1.82688307762146
2015-07-16,1.880614995956421
2015-07-17,1.880614995956421
2015-07-20,1.8328535556793213
2015-07-21,1.82688307762146
2015-07-22,1.791062355041504
2015-07-23,1.755240559577942
2015-07-24,1.7970322370529175
2015-07-27,1.7492706775665283
2015-07-28,1.862704873085022
2015-07-29,1.82688307762146
2015-07-30,1.7970322370529175
2015-07-31,1.791062355041504
2015-08-03,1.755240559577942
2015-08-04,1.7433006763458252
2015-08-05,1.7373303174972534
2015-08-06,1.7612110376358032
2015-08-07,1.7373303174972534
2015-08-10,1.683598279953003
2015-08-11,1.7373303174972534
2015-08-12,1.70150887966156
2015-08-13,1.7253895998001099
2015-08-14,1.7433006763458252
2015-08-17,1.70150887966156
2015-08-18,1.7074790000915527
2015-08-19,1.70150887966156
2015-08-20,1.683598279953003
2015-08-21,1.683598279953003
2015-08-24,1.641806721687317
2015-08-25,1.6955386400222778
2015-08-26,1.6955386400222778
2015-08-27,1.683598279953003
2015-08-28,1.6895685195922852
2015-08-31,1.70150887966156
2015-09-01,1.683598279953003
2015-09-02,1.6716582775115967
2015-09-03,1.6716582775115967
2015-09-04,1.6238963603973389
2015-09-07,1.6000155210494995
2015-09-08,1.5701645612716675
2015-09-09,1.5701645612716675
2015-09-10,1.5641940832138062
2015-09-11,1.5522538423538208
2015-09-14,1.576134443283081
2015-09-15,1.6537474393844604
2015-09-16,1.6537474393844604
2015-09-17,1.6776282787322998
2015-09-18,1.6656876802444458
2015-09-21,1.6895685195922852
2015-09-22,1.683598279953003
2015-09-23,1.6776282787322998
2015-09-24,1.6776282787322998
2015-09-25,1.6776282787322998
2015-09-28,1.641806721687317
2015-09-29,1.6716582775115967
2015-09-30,1.641806721687317
2015-10-01,1.6716582775115967
2015-10-02,1.6716582775115967
2015-10-05,1.70150887966156
2015-10-06,1.7373303174972534
2015-10-07,1.7970322370529175
2015-10-08,1.7731512784957886
2015-10-09,1.7791213989257812
2015-10-12,1.7731512784957886
2015-10-13,1.755240559577942
2015-10-14,1.7671810388565063
2015-10-15,1.7791213989257812
2015-10-16,1.7074790000915527
2015-10-19,1.755240559577942
2015-10-20,1.755240559577942
2015-10-21,1.755240559577942
2015-10-22,1.7492706775665283
2015-10-23,1.7492706775665283
2015-10-26,1.7373303174972534
2015-10-27,1.70150887966156
2015-10-28,1.683598279953003
2015-10-29,1.683598279953003
2015-10-30,1.6656876802444458
2015-11-02,1.7671810388565063
2015-11-03,1.755240559577942
2015-11-04,1.7612110376358032
2015-11-05,1.7433006763458252
2015-11-06,1.7253895998001099
2015-11-09,1.755240559577942
2015-11-10,1.7373303174972534
2015-11-11,1.7373303174972534
2015-11-12,1.7612110376358032
2015-11-13,1.791062355041504
2015-11-16,1.9462875127792358
2015-11-17,1.892555594444275
2015-11-18,1.862704873085022
2015-11-19,1.8686749935150146
2015-11-20,1.880614995956421
2015-11-23,1.9283767938613892
2015-11-24,1.892555594444275
2015-11-25,1.9701682329177856
2015-11-26,1.9283767938613892
2015-11-27,1.922406554222107
2015-11-30,1.9833028316497803
2015-12-01,2.0047953128814697
2015-12-02,1.9821088314056396
2015-12-03,1.934347152709961
2015-12-04,1.9510633945465088
2015-12-07,1.9462875127792358
2015-12-08,1.9391230344772339
2015-12-09,1.9295711517333984
2015-12-10,1.875839114189148
2015-12-11,1.835241675376892
2015-12-14,1.8483757972717285
2015-12-15,1.897331714630127
2015-12-16,1.9427052736282349
2015-12-17,2.034646511077881
2015-12-18,2.007183074951172
2015-12-21,2.044199228286743
2015-12-22,2.0489747524261475
2015-12-23,2.0430049896240234
2015-12-24,2.021512508392334
2015-12-25,2.0394227504730225
2015-12-28,2.0334527492523193
2015-12-29,2.0358402729034424
2015-12-30,2.0167362689971924
2015-12-31,2.0143473148345947
2016-01-01,2.0143473148345947
2016-01-04,2.044199228286743
2016-01-05,2.070467948913574
2016-01-06,2.0859904289245605
2016-01-07,2.0895726680755615
2016-01-08,2.1253931522369385
2016-01-11,2.167184829711914
2016-01-12,2.2400217056274414
2016-01-13,2.207782506942749
2016-01-14,2.176737070083618
2016-01-15,2.1624090671539307
2016-01-18,2.140916585922241
2016-01-19,2.189871311187744
2016-01-20,2.142110586166382
2016-01-21,2.076437473297119
2016-01-22,2.076437473297119
2016-01-25,2.2376339435577393
2016-01-26,2.214946746826172
2016-01-27,2.189871311187744
2016-01-28,2.1588265895843506
2016-01-29,2.161215305328369
2016-02-01,2.1468865871429443
2016-02-02,2.1552441120147705
2016-02-03,2.161215305328369
2016-02-04,2.137334108352661
2016-02-05,2.137334108352661
2016-02-08,2.091961145401001
2016-02-09,2.0728559494018555
2016-02-10,2.0895726680755615
2016-02-11,2.0633034706115723
2016-02-12,2.0453927516937256
2016-02-15,2.017929792404175
2016-02-16,2.0000193119049072
2016-02-17,2.0537514686584473
2016-02-18,2.0668859481811523
2016-02-19,2.0537514686584473
2016-02-22,2.0800201892852783
2016-02-23,2.0991251468658447
2016-02-24,2.0967369079589844
2016-02-25,2.1134533882141113
2016-02-26,2.0955429077148438
2016-02-29,2.105095148086548
2016-03-01,2.1480798721313477
2016-03-02,2.1803200244903564
2016-03-03,2.1731550693511963
2016-03-04,2.1624090671539307
2016-03-07,2.1624090671539307
2016-03-08,2.047781229019165
2016-03-09,2.047781229019165
2016-03-10,2.0453927516937256
2016-03-11,2.0549445152282715
2016-03-14,2.0525569915771484
2016-03-15,2.047781229019165
2016-03-16,2.0537514686584473
2016-03-17,2.0728559494018555
2016-03-18,2.1134533882141113
2016-03-21,2.1552441120147705
2016-03-22,2.1397223472595215
2016-03-23,2.0716617107391357
2016-03-24,2.13494610786438
2016-03-25,2.1552441120147705
2016-03-28,2.161215305328369
2016-03-29,2.161215305328369
2016-03-30,2.174349308013916
2016-03-31,2.185096025466919
2016-04-01,2.1827077865600586
2016-04-04,2.2256932258605957
2016-04-05,2.234051465988159
2016-04-06,2.2447972297668457
2016-04-07,2.250767946243286
2016-04-08,2.281813144683838
2016-04-11,2.2937533855438232
2016-04-12,2.3701722621917725
2016-04-13,2.4358444213867188
2016-04-14,2.4000232219696045
2016-04-15,2.4000232219696045
2016-04-18,2.378530502319336
2016-04-19,2.385695219039917
2016-04-20,2.3868887424468994
2016-04-21,2.3701722621917725
2016-04-22,2.378530502319336
2016-04-25,2.3725597858428955
2016-04-26,2.3725597858428955
2016-04-27,2.402411460876465
2016-04-28,2.395246744155884
2016-04-29,2.383305788040161
2016-05-02,2.36181378364563
2016-05-03,2.3319623470306396
2016-05-04,2.2674849033355713
2016-05-05,2.248379945755005
2016-05-06,2.334350824356079
2016-05-09,2.3701722621917725
2016-05-10,2.3653957843780518
2016-05-11,2.3797245025634766
2016-05-12,2.3976352214813232
2016-05-13,2.38808274269104
2016-05-16,2.3319623470306396
2016-05-17,2.327186346054077
2016-05-18,2.292559862136841
2016-05-19,2.292559862136841
2016-05-20,2.2686784267425537
2016-05-23,2.3092758655548096
2016-05-24,2.3868887424468994
2016-05-25,2.383305788040161
2016-05-26,2.3498733043670654
2016-05-27,2.3809187412261963
2016-05-30,2.4071872234344482
2016-05-31,2.3809187412261963
2016-06-01,2.347485303878784
2016-06-02,2.3259923458099365
2016-06-03,2.3403208255767822
2016-06-06,2.3140525817871094
2016-06-07,2.292559862136841
2016-06-08,2.3140525817871094
2016-06-09,2.302112579345703
2016-06-10,2.295893669128418
2016-06-13,2.2432796955108643
2016-06-14,2.195448398590088
2016-06-15,2.205015182495117
2016-06-16,2.166750192642212
2016-06-17,2.1882736682891846
2016-06-20,2.276761531829834
2016-06-21,2.274369716644287
2016-06-22,2.2289299964904785
2016-06-23,2.274369716644287
2016-06-24,2.274369716644287
2016-06-27,2.245671033859253
2016-06-28,2.274369716644287
2016-06-29,2.262411594390869
2016-06-30,2.2528462409973145
2016-07-01,2.324592351913452
2016-07-04,2.326983690261841
2016-07-05,2.326983690261841
2016-07-06,2.326983690261841
2016-07-07,2.326983690261841
2016-07-08,2.346116542816162
2016-07-11,2.3508994579315186
2016-07-12,2.355682611465454
2016-07-13,2.3939478397369385
2016-07-14,2.4011220932006836
2016-07-15,2.379598379135132
2016-07-18,2.17153263092041
2016-07-19,2.1906652450561523
2016-07-20,2.245671033859253
2016-07-21,2.1547915935516357
2016-07-22,2.1284844875335693
2016-07-25,2.1763157844543457
2016-07-26,2.161966323852539
2016-07-27,2.233713150024414
2016-07-28,2.267194986343384
2016-07-29,2.2600202560424805
2016-08-01,2.2839362621307373
2016-08-02,2.295893669128418
2016-08-03,2.2289299964904785
2016-08-04,2.267194986343384
2016-08-05,2.23610520362854
2016-08-08,2.2719781398773193
2016-08-09,2.2695868015289307
2016-08-10,2.2504544258117676
2016-08-11,2.262411594390869
2016-08-12,2.2480623722076416
2016-08-15,2.2719781398773193
2016-08-16,2.2480623722076416
2016-08-17,2.262411594390869
2016-08-18,2.2313218116760254
2016-08-19,2.23610520362854
2016-08-22,2.2504544258117676
2016-08-23,2.2432796955108643
2016-08-24,2.2528462409973145
2016-08-25,2.2432796955108643
2016-08-26,2.2504544258117676
2016-08-29,2.2528462409973145
2016-08-30,2.2528462409973145
2016-08-31,2.2600202560424805
2016-09-01,2.2839362621307373
2016-09-02,2.3006768226623535
2016-09-05,2.317417860031128
2016-09-06,2.3293755054473877
2016-09-07,2.3102426528930664
2016-09-08,2.3054604530334473
2016-09-09,2.2935023307800293
2016-09-12,2.2935023307800293
2016-09-13,2.2935023307800293
2016-09-14,2.2935023307800293
2016-09-15,2.2935023307800293
2016-09-16,2.267194986343384
2016-09-19,2.3078513145446777
2016-09-20,2.2887191772460938
2016-09-21,2.2815446853637695
2016-09-22,2.3150265216827393
2016-09-23,2.3222007751464844
2016-09-26,2.2393341064453125
2016-09-27,2.256098985671997
2016-09-28,2.2584939002990723
2016-09-29,2.265678644180298
2016-09-30,2.2537033557891846
2016-10-03,2.268073558807373
2016-10-04,2.256098985671997
2016-10-05,2.26088809967041
2016-10-06,2.26088809967041
2016-10-07,2.2704684734344482
2016-10-10,2.268073558807373
2016-10-11,2.265678644180298
2016-10-12,2.268073558807373
2016-10-13,2.2584939002990723
2016-10-14,2.26088809967041
2016-10-17,2.2537033557891846
2016-10-18,2.26088809967041
2016-10-19,2.2848384380340576
2016-10-20,2.2920236587524414
2016-10-21,2.287233591079712
2016-10-24,2.289628505706787
2016-10-25,2.289628505706787
2016-10-26,2.2824435234069824
2016-10-27,2.268073558807373
2016-10-28,2.268073558807373
2016-10-31,2.2513084411621094
2016-11-01,2.2513084411621094
2016-11-02,2.2513084411621094
2016-11-03,2.256098985671997
2016-11-04,2.248913049697876
2016-11-07,2.256098985671997
2016-11-08,2.2800486087799072
2016-11-09,2.371058940887451
2016-11-10,2.4788341522216797
2016-11-11,2.481229066848755
2016-11-14,2.5147597789764404
2016-11-15,2.5003890991210938
2016-11-16,2.5147597789764404
2016-11-17,2.5794246196746826
2016-11-18,2.600979804992676
2016-11-21,2.5626590251922607
2016-11-22,2.574634552001953
2016-11-23,2.6225345134735107
2016-11-24,2.706360101699829
2016-11-25,2.6560654640197754
2016-11-28,2.5985846519470215
2016-11-29,2.6249306201934814
2016-11-30,2.6488800048828125
2016-12-01,2.59468412399292
2016-12-02,2.6594316959381104
2016-12-05,2.6522376537323
2016-12-06,2.6666252613067627
2016-12-07,2.671422243118286
2016-12-08,2.6570332050323486
2016-12-09,2.6570332050323486
2016-12-12,2.6786155700683594
2016-12-13,2.6738200187683105
2016-12-14,2.6738200187683105
2016-12-15,2.7433629035949707
2016-12-16,2.848876953125
2016-12-19,2.863265037536621
2016-12-20,2.9328083992004395
2016-12-21,2.9184203147888184
2016-12-22,2.8920419216156006
2016-12-23,2.860867738723755
2016-12-26,2.9136242866516113
2016-12-27,2.904031753540039
2016-12-28,2.899235963821411
2016-12-29,2.899235963821411
2016-12-30,3.047914743423462
2017-01-02,2.935206651687622
2017-01-03,2.889643669128418
2017-01-04,2.916022300720215
2017-01-05,2.9424009323120117
2017-01-06,2.966381072998047
2017-01-09,3.1150598526000977
2017-01-10,3.1774094104766846
2017-01-11,3.143836259841919
2017-01-12,3.1558265686035156
2017-01-13,3.1606225967407227
2017-01-16,3.285320997238159
2017-01-17,3.3812432289123535
2017-01-18,3.3308842182159424
2017-01-19,3.2805254459381104
2017-01-20,3.290117025375366
2017-01-23,3.285320997238159
2017-01-24,3.2397584915161133
2017-01-25,3.1318461894989014
2017-01-26,3.2229719161987305
2017-01-27,3.194195032119751
2017-01-30,3.256544589996338
2017-01-31,3.275728702545166
2017-02-01,3.2805254459381104
2017-02-02,3.266136407852173
2017-02-03,3.2733309268951416
2017-02-06,3.3620591163635254
2017-02-07,3.357262134552002
2017-02-08,3.3380777835845947
2017-02-09,3.3332817554473877
2017-02-10,3.342874050140381
2017-02-13,3.3404757976531982
2017-02-14,3.3045058250427246
2017-02-15,3.23016619682312
2017-02-16,3.2013895511627197
2017-02-17,3.2013895511627197
2017-02-20,3.2013895511627197
2017-02-21,3.3380777835845947
2017-02-22,3.3308842182159424
2017-02-23,3.4052233695983887
2017-02-24,3.4052233695983887
2017-02-27,3.4963488578796387
2017-02-28,3.6330373287200928
2017-03-01,3.834473133087158
2017-03-02,3.7817163467407227
2017-03-03,3.784114122390747
2017-03-06,3.810492992401123
2017-03-07,3.9519779682159424
2017-03-08,4.023919105529785
2017-03-09,3.968764066696167
2017-03-10,4.033511161804199
2017-03-13,4.153412818908691
2017-03-14,4.292500019073486
2017-03-15,4.258927822113037
2017-03-16,4.208569049835205
2017-03-17,4.160607814788818
2017-03-20,4.191781997680664
2017-03-21,4.091064453125
2017-03-22,4.107850074768066
2017-03-23,4.110248565673828
2017-03-24,4.110248565673828
2017-03-27,4.033511161804199
2017-03-28,4.0526957511901855
2017-03-29,4.110248565673828
2017-03-30,4.136626243591309
2017-03-31,4.074277877807617
2017-04-03,4.110248565673828
2017-04-04,4.098257541656494
2017-04-05,4.115045070648193
2017-04-06,4.074277877807617
2017-04-07,4.076676368713379
2017-04-10,4.112645626068115
2017-04-11,4.095860481262207
2017-04-12,4.105452060699463
2017-04-13,4.0526957511901855
2017-04-14,4.069482326507568
2017-04-17,4.105452060699463
2017-04-18,4.13183069229126
2017-04-19,4.323674201965332
2017-04-20,4.59705114364624
2017-04-21,4.508323669433594
2017-04-24,4.508323669433594
2017-04-25,4.484344005584717
2017-04-26,4.5107221603393555
2017-04-27,4.515517234802246
2017-04-28,4.683380603790283
2017-05-01,4.683380603790283
2017-05-02,4.959155559539795
2017-05-03,4.863234519958496
2017-05-04,5.0119123458862305
2017-05-05,5.079058647155762
2017-05-08,5.069466590881348
2017-05-09,5.0119123458862305
2017-05-10,5.031096935272217
2017-05-11,4.973544597625732
2017-05-12,4.949564456939697
2017-05-15,5.083855628967285
2017-05-16,5.275698184967041
2017-05-17,5.294882774353027
2017-05-18,5.103039741516113
2017-05-19,5.103039741516113
2017-05-22,5.035894870758057
2017-05-23,5.117427825927734
2017-05-24,5.117427825927734
2017-05-25,5.088649749755859
2017-05-26,5.103039741516113
2017-05-29,5.127018451690674
2017-05-30,5.117427825927734
2017-05-31,5.261310577392578
2017-06-01,5.3044753074646
2017-06-02,5.275698184967041
2017-06-05,5.256514072418213
2017-06-06,5.285290718078613
2017-06-07,5.237329483032227
2017-06-08,5.248173236846924
2017-06-09,5.29619026184082
2017-06-12,5.305792331695557
2017-06-13,5.286587238311768
2017-06-14,5.281785011291504
2017-06-15,5.29619026184082
2017-06-16,5.243371963500977
2017-06-19,5.233768939971924
2017-06-20,5.209760665893555
2017-06-21,5.27698278427124
2017-06-22,5.300990581512451
2017-06-23,5.286587238311768
2017-06-26,5.286587238311768
2017-06-27,5.286587238311768
2017-06-28,5.281785011291504
2017-06-29,5.267379283905029
2017-06-30,5.248173236846924
2017-07-03,5.233768939971924
2017-07-04,5.209760665893555
2017-07-05,5.156942367553711
2017-07-06,5.190554141998291
2017-07-07,5.166545867919922
2017-07-10,5.176149368286133
2017-07-11,5.219363689422607
2017-07-12,5.1953558921813965
2017-07-13,5.200156211853027
2017-07-14,5.204959392547607
2017-07-17,5.286587238311768
2017-07-18,5.632303237915039
2017-07-19,5.757144451141357
2017-07-20,5.555477142333984
2017-07-21,5.6178975105285645
2017-07-24,5.728336811065674
2017-07-25,5.737938404083252
2017-07-26,5.771551132202148
2017-07-27,5.8339715003967285
2017-07-28,5.838773250579834
2017-07-31,5.776351451873779
2017-08-01,5.757144451141357
2017-08-02,5.78595495223999
2017-08-03,5.78595495223999
2017-08-04,5.877185344696045
2017-08-07,6.194092273712158
2017-08-08,6.222902774810791
2017-08-09,6.2853240966796875
2017-08-10,6.4005632400512695
2017-08-11,6.333340167999268
2017-08-14,6.525404453277588
2017-08-15,6.467785835266113
2017-08-16,6.395761013031006
2017-08-17,6.32853889465332
2017-08-18,6.362149715423584
2017-08-21,6.371753692626953
2017-08-22,6.290125846862793
2017-08-23,6.424571514129639
2017-08-24,6.424571514129639
2017-08-25,6.386158466339111
2017-08-28,6.362149715423584
2017-08-29,6.410166263580322
2017-08-30,6.410166263580322
2017-08-31,6.48219108581543
2017-09-01,6.48219108581543
2017-09-04,6.48219108581543
2017-09-05,6.410166263580322
2017-09-06,6.458181858062744
2017-09-07,6.443778038024902
2017-09-08,6.424571514129639
2017-09-11,6.501396179199219
2017-09-12,6.506198883056641
2017-09-13,6.597428798675537
2017-09-14,6.589058876037598
2017-09-15,6.569835186004639
2017-09-18,6.464101314544678
2017-09-19,6.343952178955078
2017-09-20,6.435266971588135
2017-09-21,6.334339618682861
2017-09-22,6.295892715454102
2017-09-25,5.87296199798584
2017-09-26,6.017143249511719
2017-09-27,6.036367416381836
2017-09-28,6.329533576965332
2017-09-29,6.319921493530273
2017-10-02,6.416043281555176
2017-10-03,6.38720703125
2017-10-04,6.406429767608643
2017-10-05,6.339145183563232
2017-10-06,6.372788429260254
2017-10-09,6.218994140625
2017-10-10,6.372788429260254
2017-10-11,6.353564262390137
2017-10-12,6.492939472198486
2017-10-13,6.622701644897461
2017-10-16,6.800523281097412
2017-10-17,6.8966450691223145
2017-10-18,6.8966450691223145
2017-10-19,6.94951057434082
2017-10-20,7.151364803314209
2017-10-23,7.4349188804626465
2017-10-24,7.569489002227783
2017-10-25,7.579101085662842
2017-10-26,7.7425055503845215
2017-10-27,7.728086948394775
2017-10-30,7.838624477386475
2017-10-31,8.155821800231934
2017-11-01,7.997223854064941
2017-11-02,8.160628318786621
2017-11-03,8.501856803894043
2017-11-06,9.251598358154297
2017-11-07,9.338105201721191
2017-11-08,9.467869758605957
2017-11-09,9.443836212158203
2017-11-10,9.554374694824219
2017-11-13,10.116682052612305
2017-11-14,10.8760347366333
2017-11-15,9.640885353088379
2017-11-16,7.776148319244385
2017-11-17,8.078927993774414
2017-11-20,7.99241828918457
2017-11-21,7.997223854064941
2017-11-22,7.877072811126709
2017-11-23,7.728086948394775
2017-11-24,7.747311115264893
2017-11-27,7.747311115264893
2017-11-28,7.218648433685303
2017-11-29,7.2090373039245605
2017-11-30,8.002030372619629
2017-12-01,7.929941177368164
2017-12-04,7.848238468170166
2017-12-05,7.747311115264893
2017-12-06,7.603129863739014
2017-12-07,7.641578197479248
2017-12-08,8.054896354675293
2017-12-11,8.030863761901855
2017-12-12,7.87226676940918
2017-12-13,7.737699031829834
2017-12-14,7.844756603240967
2017-12-15,7.940952777862549
2017-12-18,7.873615264892578
2017-12-19,7.796658992767334
2017-12-20,7.801468372344971
2017-12-21,7.75337028503418
2017-12-22,7.729321002960205
2017-12-25,7.796658992767334
2017-12-26,7.796658992767334
2017-12-27,7.354158878326416
2017-12-28,7.344540119171143
2017-12-29,7.647555828094482
2018-01-01,7.647555828094482
2018-01-02,7.9217143058776855
2018-01-03,7.695653438568115
2018-01-04,7.748561382293701
2018-01-05,7.772610187530518
2018-01-08,7.811089992523193
2018-01-09,7.695653438568115
2018-01-10,7.628316402435303
2018-01-11,7.724512100219727
2018-01-12,7.666794776916504
2018-01-15,7.459975242614746
2018-01-16,7.758180141448975
2018-01-17,7.671604633331299
2018-01-18,7.70527458190918
2018-01-19,7.628316402435303
2018-01-22,7.681224822998047
2018-01-23,7.666794776916504
2018-01-24,8.22472858428955
2018-01-25,7.907285213470459
2018-01-26,7.830327987670898
2018-01-29,7.835136413574219
2018-01-30,7.950573444366455
2018-01-31,7.993859767913818
2018-02-01,8.032339096069336
2018-02-02,7.902474880218506
2018-02-05,7.767800807952881
2018-02-06,7.623507022857666
2018-02-07,7.6764140129089355
2018-02-08,7.455164909362793
2018-02-09,7.455164909362793
2018-02-12,7.455164909362793
2018-02-13,7.334920406341553
2018-02-14,7.820707321166992
2018-02-15,7.681224822998047
2018-02-16,7.734131813049316
2018-02-19,7.772610187530518
2018-02-20,7.532120227813721
2018-02-21,7.806278228759766
2018-02-22,7.734131813049316
2018-02-23,7.734131813049316
2018-02-26,7.762989521026611
2018-02-27,7.565790176391602
2018-02-28,7.5176920890808105
2018-03-01,7.368587970733643
2018-03-02,7.2868218421936035
2018-03-05,7.3733978271484375
2018-03-06,7.272393226623535
2018-03-07,7.296441078186035
2018-03-08,7.272393226623535
2018-03-09,7.315680980682373
2018-03-12,7.426305770874023
2018-03-13,7.536931037902832
2018-03-14,7.464785099029541
2018-03-15,7.421496391296387
2018-03-16,7.402257442474365
2018-03-19,7.330110549926758
2018-03-20,7.3733978271484375
2018-03-21,7.407066345214844
2018-03-22,7.363778591156006
2018-03-23,7.407066345214844
2018-03-26,7.4118757247924805
2018-03-27,7.358969211578369
2018-03-28,7.344540119171143
2018-03-29,7.378206729888916
2018-03-30,7.45035457611084
2018-04-02,7.387827396392822
2018-04-03,7.257963180541992
2018-04-04,6.974185943603516
2018-04-05,6.839512825012207
2018-04-06,6.882800579071045
2018-04-09,6.656739711761475
2018-04-10,6.536495685577393
2018-04-11,6.425870895385742
2018-04-12,6.421061992645264
2018-04-13,6.382584095001221
2018-04-16,6.507637023925781
2018-04-17,6.363344192504883
2018-04-18,6.507637023925781
2018-04-19,6.440301418304443
2018-04-20,6.401822566986084
2018-04-23,6.401822566986084
2018-04-24,6.276766777038574
2018-04-25,6.108426094055176
2018-04-26,6.055517673492432
2018-04-27,6.435490608215332
2018-04-30,6.055517673492432
2018-05-01,6.055517673492432
2018-05-02,6.050707817077637
2018-05-03,5.9641313552856445
2018-05-04,5.911223888397217
2018-05-07,5.8438873291015625
2018-05-08,5.574538707733154
2018-05-09,5.627447128295898
2018-05-10,5.637066841125488
2018-05-11,5.564919471740723
2018-05-14,5.656306266784668
2018-05-15,5.641876220703125
2018-05-16,5.699593544006348
2018-05-17,5.863126277923584
2018-05-18,5.78617000579834
2018-05-21,5.733262062072754
2018-05-22,5.694783687591553
2018-05-23,5.694783687591553
2018-05-24,5.694783687591553
2018-05-25,5.694783687591553
2018-05-28,5.694783687591553
2018-05-29,5.694783687591553
2018-05-30,5.694783687591553
2018-05-31,5.694783687591553
2018-06-01,5.694783687591553
2018-06-04,5.694783687591553
2018-06-05,5.694783687591553
2018-06-06,5.694783687591553
2018-06-07,5.180136203765869
2018-06-08,5.146468162536621
2018-06-11,5.2330451011657715
2018-06-12,5.107990264892578
2018-06-13,5.0598931312561035
2018-06-14,4.930027484893799
2018-06-15,4.930027484893799
2018-06-18,4.713587760925293
2018-06-19,4.88809871673584
2018-06-20,5.022943496704102
2018-06-21,5.1096296310424805
2018-06-22,5.090364933013916
2018-06-25,5.143340110778809
2018-06-26,5.340791702270508
2018-06-27,5.466002941131592
2018-06-28,5.557504653930664
2018-06-29,5.5526885986328125
2018-07-02,5.726059913635254
2018-07-03,5.764586448669434
2018-07-04,5.807929515838623
2018-07-05,6.159485816955566
2018-07-06,6.381016254425049
2018-07-09,6.588099479675293
2018-07-10,6.6266255378723145
2018-07-11,6.101696968078613
2018-07-12,6.2606201171875
2018-07-13,6.2750678062438965
2018-07-16,6.453254699707031
2018-07-17,6.915576457977295
2018-07-18,6.833707332611084
2018-07-19,6.804811954498291
2018-07-20,6.799995422363281
2018-07-23,6.944472312927246
2018-07-24,6.665152549743652
2018-07-25,6.843339443206787
2018-07-26,6.564019203186035
2018-07-27,6.520676136016846
2018-07-30,6.616994380950928
2018-07-31,6.535123825073242
2018-08-01,6.583282470703125
2018-08-02,6.279883861541748
2018-08-03,6.539939880371094
2018-08-06,6.356936454772949
2018-08-07,6.42917537689209
2018-08-08,6.424359321594238
2018-08-09,6.486965179443359
2018-08-10,6.390649318695068
2018-08-13,6.072801113128662
2018-08-14,6.520676136016846
2018-08-15,6.241355895996094
2018-08-16,6.24617338180542
2018-08-17,6.039090633392334
2018-08-20,6.063169956207275
2018-08-21,6.063169956207275
2018-08-22,6.063169956207275
2018-08-23,6.063169956207275
2018-08-24,6.063169956207275
2018-08-27,6.125776767730713
2018-08-28,6.414726734161377
2018-08-29,6.284698963165283
2018-08-30,6.284698963165283
2018-08-31,6.212460517883301
2018-09-03,6.395463943481445
2018-09-04,6.279883861541748
2018-09-05,6.2606201171875
2018-09-06,6.279883861541748
2018-09-07,6.270252227783203
2018-09-10,6.2220940589904785
2018-09-11,6.284698963165283
2018-09-12,6.231724739074707
2018-09-13,6.305173397064209
2018-09-14,6.343737602233887
2018-09-17,6.36784029006958
2018-09-18,6.502811908721924
2018-09-19,6.493171691894531
2018-09-20,6.377480506896973
2018-09-21,6.4401469230651855
2018-09-24,6.579939842224121
2018-09-25,6.65706729888916
2018-09-26,6.6040425300598145
2018-09-27,6.695631980895996
2018-09-28,6.6618876457214355
2018-10-01,6.671529293060303
2018-10-02,6.62814474105835
2018-10-03,6.546196937561035
2018-10-04,6.2232255935668945
2018-10-05,6.512454509735107
2018-10-08,6.473890781402588
2018-10-09,6.502811908721924
2018-10-10,6.290711879730225
2018-10-11,6.309993743896484
2018-10-12,6.584760665893555
2018-10-15,6.835425853729248
2018-10-16,6.695631980895996
2018-10-17,6.575119972229004
2018-10-18,6.608862400054932
2018-10-19,6.478710174560547
2018-10-22,6.261789321899414
2018-10-23,6.208764553070068
2018-10-24,6.054508686065674
2018-10-25,6.199123382568359
2018-10-26,5.9966630935668945
2018-10-29,5.9966630935668945
2018-10-30,6.015944480895996
2018-10-31,6.049688339233398
2018-11-01,6.290711879730225
2018-11-02,6.531735420227051
2018-11-05,6.594402313232422
2018-11-06,6.502811908721924
2018-11-07,6.6618876457214355
2018-11-08,6.599222183227539
2018-11-09,6.681170463562012
2018-11-12,6.618503570556641
2018-11-13,6.642606735229492
2018-11-14,6.652247428894043
2018-11-15,6.724554538726807
2018-11-16,6.5606584548950195
2018-11-19,6.493171691894531
2018-11-20,6.271430492401123
2018-11-21,6.387121200561523
2018-11-22,6.309993743896484
2018-11-23,6.314814567565918
2018-11-26,6.343737602233887
2018-11-27,6.387121200561523
2018-11-28,6.5606584548950195
2018-11-29,6.565478324890137
2018-11-30,6.43532657623291
2018-12-03,6.353378772735596
2018-12-04,6.290711879730225
2018-12-05,6.343737602233887
2018-12-06,6.372659683227539
2018-12-07,6.420864105224609
2018-12-10,6.271430492401123
2018-12-11,6.218404293060303
2018-12-12,5.991843223571777
2018-12-13,5.992985725402832
2018-12-14,5.756547927856445
2018-12-17,5.635916233062744
2018-12-18,5.6696929931640625
2018-12-19,5.771023750305176
2018-12-20,5.6793437004089355
2018-12-21,5.862703323364258
2018-12-24,5.886828899383545
2018-12-25,5.785499095916748
2018-12-26,5.804800033569336
2018-12-27,5.819277286529541
2018-12-28,5.756547927856445
2018-12-31,5.828927040100098
2019-01-01,5.828927040100098
2019-01-02,5.6793437004089355
2019-01-03,5.471857070922852
2019-01-04,5.53941011428833
2019-01-07,5.529759883880615
2019-01-08,5.534585475921631
2019-01-09,5.534585475921631
2019-01-10,5.6793437004089355
2019-01-11,5.602138519287109
2019-01-14,5.578012943267822
2019-01-15,5.635916233062744
2019-01-16,5.713120460510254
2019-01-17,5.698644638061523
2019-01-18,5.828927040100098
2019-01-21,5.828927040100098
2019-01-22,5.867528915405273
2019-01-23,5.9543843269348145
2019-01-24,6.060539245605469
2019-01-25,6.0557146072387695
2019-01-28,6.050889492034912
2019-01-29,6.152219772338867
2019-01-30,6.364531517028809
2019-01-31,6.205297470092773
2019-02-01,5.992985725402832
2019-02-04,5.862703323364258
2019-02-05,5.7613725662231445
2019-02-06,5.732421398162842
2019-02-07,5.727596282958984
2019-02-08,5.722770690917969
2019-02-11,5.906130313873291
2019-02-12,5.698644638061523
2019-02-13,5.6310906410217285
2019-02-14,5.795149803161621
2019-02-15,5.886828899383545
2019-02-18,5.925432205200195
2019-02-19,5.862703323364258
2019-02-20,5.930257320404053
2019-02-21,6.060539245605469
2019-02-22,6.185996055603027
2019-02-25,6.0557146072387695
2019-02-26,6.1715216636657715
2019-02-27,5.925432205200195
2019-02-28,5.944733142852783
2019-03-01,5.771023750305176
2019-03-04,5.824101448059082
2019-03-05,5.843401908874512
2019-03-06,5.7613725662231445
2019-03-07,5.5538859367370605
2019-03-08,5.481507301330566
2019-03-11,5.418778896331787
2019-03-12,5.549060821533203
2019-03-13,5.486331939697266
2019-03-14,5.495982646942139
2019-03-15,5.61661434173584
2019-03-18,5.67451810836792
2019-03-19,5.6793437004089355
2019-03-20,5.5538859367370605
2019-03-21,5.457381248474121
2019-03-22,5.360875129699707
2019-03-25,5.336750030517578
2019-03-26,5.283671855926514
2019-03-27,4.834921836853027
2019-03-28,4.979678630828857
2019-03-29,5.05205774307251
2019-04-01,5.0472331047058105
2019-04-02,5.0279316902160645
2019-04-03,5.01828145980835
2019-04-04,5.124436855316162
2019-04-05,5.196815490722656
2019-04-08,5.158214092254639
2019-04-09,5.167864799499512
2019-04-10,5.124436855316162
2019-04-11,5.148563385009766
2019-04-12,5.056883335113525
2019-04-15,5.05205774307251
2019-04-16,5.114786148071289
2019-04-17,5.167864799499512
2019-04-18,5.114786148071289
2019-04-19,5.114786148071289
2019-04-22,5.081009387969971
2019-04-23,5.081009387969971
2019-04-24,5.163039684295654
2019-04-25,5.061708450317383
2019-04-26,5.143737316131592
2019-04-29,5.003805160522461
2019-04-30,4.945901870727539
2019-05-01,4.945901870727539
2019-05-02,4.854221343994141
2019-05-03,4.902474403381348
2019-05-06,4.825270175933838
2019-05-07,4.89764928817749
2019-05-08,4.7070512771606445
2019-05-09,4.535754203796387
2019-05-10,4.465787887573242
2019-05-13,4.277602195739746
2019-05-14,4.398233890533447
2019-05-15,4.294489860534668
2019-05-16,4.270364284515381
2019-05-17,4.5743560791015625
2019-05-20,4.292078018188477
2019-05-21,4.255887985229492
2019-05-22,4.004974842071533
2019-05-23,4.036338806152344
2019-05-24,4.147319316864014
2019-05-27,4.103892803192139
2019-05-28,4.176271915435791
2019-05-29,4.1907477378845215
2019-05-30,4.347569465637207
2019-05-31,4.398233890533447
2019-06-03,4.37652063369751
2019-06-04,4.37652063369751
2019-06-05,4.37652063369751
2019-06-06,4.37652063369751
2019-06-07,4.494739055633545
2019-06-10,4.608133316040039
2019-06-11,4.4464874267578125
2019-06-12,4.4971513748168945
2019-06-13,4.3234429359436035
2019-06-14,4.253475189208984
2019-06-17,4.364458084106445
2019-06-18,4.427185535430908
2019-06-19,4.333043098449707
2019-06-20,4.3548173904418945
2019-06-21,4.330623626708984
2019-06-24,4.374172210693359
2019-06-25,4.3548173904418945
2019-06-26,4.2919135093688965
2019-06-27,4.3548173904418945
2019-06-28,4.3548173904418945
2019-07-01,4.560461044311523
2019-07-02,4.558042049407959
2019-07-03,4.454010009765625
2019-07-04,4.412882328033447
2019-07-05,4.371752738952637
2019-07-08,4.3112688064575195
2019-07-09,4.1273980140686035
2019-07-10,4.144333362579346
2019-07-11,4.183043956756592
2019-07-12,4.040302753448486
2019-07-15,4.040302753448486
2019-07-16,4.108043670654297
2019-07-17,4.349978923797607
2019-07-18,4.437074661254883
2019-07-19,4.4153008460998535
2019-07-22,4.369332790374756
2019-07-23,4.417720794677734
2019-07-24,4.470945835113525
2019-07-25,4.393527030944824
2019-07-26,4.565300464630127
2019-07-29,4.792717933654785
2019-07-30,4.671751022338867
2019-07-31,4.584655284881592
2019-08-01,4.7225565910339355
2019-08-02,4.574977874755859
2019-08-05,4.50481653213501
2019-08-06,4.502397060394287
2019-08-07,4.23384952545166
2019-08-08,4.173367023468018
2019-08-09,4.168527603149414
2019-08-12,4.168527603149414
2019-08-13,4.168527603149414
2019-08-14,4.168527603149414
2019-08-15,4.144333362579346
2019-08-16,4.0935282707214355
2019-08-19,4.134657382965088
2019-08-20,4.262882709503174
2019-08-21,4.3644938468933105
2019-08-22,4.243527412414551
2019-08-23,4.267720699310303
2019-08-26,4.333043098449707
2019-08-27,4.386268138885498
2019-08-28,4.308850288391113
2019-08-29,4.412882328033447
2019-08-30,4.412882328033447
2019-09-02,4.560461044311523
2019-09-03,4.533848285675049
2019-09-04,4.645138263702393
2019-09-05,4.633041858673096
2019-09-06,4.6572346687316895
2019-09-09,4.679008960723877
2019-09-10,4.833847522735596
2019-09-11,4.906427383422852
2019-09-12,4.802395820617676
2019-09-13,4.831427097320557
2019-09-16,4.8580403327941895
2019-09-17,4.737072944641113
2019-09-18,4.683921813964844
2019-09-19,4.579619407653809
2019-09-20,4.535956859588623
2019-09-23,4.4971466064453125
2019-09-24,4.58204460144043
2019-09-25,4.57476806640625
2019-09-26,4.526253700256348
2019-09-27,4.746988773345947
2019-09-30,4.885250091552734
2019-10-01,4.715455055236816
2019-10-02,4.686347484588623
2019-10-03,4.601449489593506
2019-10-04,4.625705718994141
2019-10-07,4.6087260246276855
2019-10-08,4.540807723999023
2019-10-09,4.4462080001831055
2019-10-10,4.363736152648926
2019-10-11,4.417099952697754
2019-10-14,4.143002986907959
2019-10-15,4.18666410446167
2019-10-16,4.104191780090332
2019-10-17,4.109044551849365
2019-10-18,4.332202911376953
2019-10-21,4.266709804534912
2019-10-22,4.295817852020264
2019-10-23,4.404971599578857
2019-10-24,4.402546405792236
2019-10-25,4.533531665802002
2019-10-28,4.526253700256348
2019-10-30,4.448633193969727
2019-10-31,4.4462080001831055
2019-11-01,4.453485012054443
2019-11-04,4.572342395782471
2019-11-05,4.579619407653809
2019-11-06,4.5117011070251465
2019-11-07,4.594172477722168
2019-11-08,4.5965986251831055
2019-11-11,4.55293607711792
2019-11-12,4.623280048370361
2019-11-13,4.681496620178223
2019-11-14,4.599024295806885
2019-11-15,4.6378350257873535
2019-11-18,4.679070472717285
2019-11-19,4.715455055236816
2019-11-20,4.705752849578857
2019-11-21,4.683921813964844
2019-11-22,4.671793460845947
2019-11-25,4.555362701416016
2019-11-26,4.58204460144043
2019-11-27,4.523828029632568
2019-11-28,4.560213088989258
2019-11-29,4.528680324554443
2019-12-02,4.5577874183654785
2019-12-03,4.555362701416016
2019-12-04,4.591746807098389
2019-12-05,4.77852201461792
2019-12-06,4.698476314544678
2019-12-09,4.730008602142334
2019-12-10,4.69605016708374
2019-12-11,4.6378350257873535
2019-12-12,4.739711761474609
2019-12-13,4.739711761474609
2019-12-16,4.734859943389893
2019-12-17,4.720305919647217
2019-12-18,4.667015552520752
2019-12-19,4.674311637878418
2019-12-20,4.662151336669922
2019-12-23,4.676743507385254
2019-12-24,4.771591663360596
2019-12-25,4.7934794425964355
2019-12-26,4.7910475730896
2019-12-27,4.7861833572387695
2019-12-30,4.9710164070129395
2019-12-31,5.092615604400635
2020-01-02,5.248264312744141
2020-01-03,5.296904563903809
2020-01-06,5.369863986968994
2020-01-07,5.452552318572998
2020-01-08,5.418504238128662
2020-01-09,5.559560775756836
2020-01-10,5.520648002624512
2020-01-13,5.56928825378418
2020-01-14,5.661705493927002
2020-01-15,5.588744163513184
2020-01-16,5.56928825378418
2020-01-17,5.56928825378418
2020-01-20,5.613064765930176
2020-01-21,5.617929458618164
2020-01-22,5.613064765930176
2020-01-23,5.559560775756836
2020-01-24,5.57415246963501
2020-01-27,5.676296710968018
2020-01-28,5.656841278076172
2020-01-29,5.666568756103516
2020-01-30,5.754120826721191
2020-01-31,5.7200727462768555
2020-02-03,5.6860246658325195
2020-02-04,5.977865695953369
2020-02-05,5.929224967956543
2020-02-06,5.934089183807373
2020-02-07,5.938953876495361
2020-02-10,5.861129283905029
2020-02-11,6.021641254425049
2020-02-12,6.799882411956787
2020-02-13,6.863115310668945
2020-02-14,7.072267055511475
2020-02-17,7.018763542175293
2020-02-18,7.09658670425415
2020-02-19,7.252234935760498
2020-02-20,6.892299175262451
2020-02-21,7.018763542175293
2020-02-24,6.960394859313965
2020-02-25,7.0674028396606445
2020-02-26,7.052811145782471
2020-02-27,6.833930969238281
2020-02-28,6.726922035217285
2020-03-02,6.867978572845459
2020-03-03,7.38356351852417
2020-03-04,7.252234935760498
2020-03-05,7.38356351852417
2020-03-06,7.252234935760498
2020-03-09,6.741515159606934
2020-03-10,6.337801456451416
2020-03-11,6.337801456451416
2020-03-12,5.938953876495361
2020-03-13,6.182153224945068
2020-03-16,5.57415246963501
2020-03-17,5.321224212646484
2020-03-18,5.311496257781982
2020-03-19,5.1266632080078125
2020-03-20,5.185031414031982
2020-03-23,5.053704261779785
2020-03-24,5.554696559906006
2020-03-25,5.695753574371338
2020-03-26,5.890312671661377
2020-03-27,5.608201026916504
2020-03-30,5.651977062225342
2020-03-31,5.739528656005859
2020-04-01,5.564424514770508
2020-04-02,5.617929458618164
2020-04-03,5.656841278076172
2020-04-06,5.778441429138184
2020-04-07,5.934089183807373
2020-04-08,6.060553073883057
2020-04-09,6.1335129737854
2020-04-10,6.1140570640563965
2020-04-13,6.065417289733887
2020-04-14,6.634505748748779
2020-04-15,6.386441707611084
2020-04-16,6.503177165985107
2020-04-17,6.5955939292907715
2020-04-20,6.663690090179443
2020-04-21,6.556681156158447
2020-04-22,6.527497291564941
2020-04-24,6.478857040405273
2020-04-27,6.683145523071289
2020-04-28,6.644233703613281
2020-04-29,6.6734185218811035
2020-04-30,6.610185623168945
2020-05-04,6.4350810050964355
2020-05-05,6.5810017585754395
2020-05-06,6.537224769592285
2020-05-07,6.542089462280273
2020-05-08,6.449673652648926
2020-05-11,6.5177693367004395
2020-05-12,6.678281784057617
2020-05-13,6.984714508056641
2020-05-14,7.09658670425415
2020-05-15,7.028491020202637
2020-05-18,7.111179351806641
2020-05-20,7.164682388305664
2020-05-21,7.179275035858154
2020-05-22,7.125770568847656
2020-05-27,7.31060266494751
2020-05-28,7.32033109664917
2020-05-29,7.339787006378174
2020-06-01,7.748364448547363
2020-06-02,7.933196067810059
2020-06-03,7.733771800994873
2020-06-04,7.704587936401367
2020-06-05,7.758091926574707
2020-06-08,7.680268287658691
2020-06-09,7.689995288848877
2020-06-10,7.835915565490723
2020-06-11,7.845643997192383
2020-06-12,7.821323394775391
2020-06-15,7.782412052154541
2020-06-16,7.904011249542236
2020-06-17,7.762955665588379
2020-06-18,7.928332805633545
2020-06-19,7.923468589782715
2020-06-22,7.8748273849487305
2020-06-23,7.835915565490723
2020-06-24,7.660811424255371
2020-06-25,7.636492729187012
2020-06-26,7.655947685241699
2020-06-29,7.811595916748047
2020-06-30,7.904011249542236
2020-07-01,7.9623799324035645
2020-07-02,7.996428966522217
2020-07-03,7.855371952056885
2020-07-06,7.904011249542236
2020-07-07,7.923468589782715
2020-07-08,7.8796916007995605
2020-07-09,7.777547836303711
2020-07-10,7.724043369293213
2020-07-13,7.865100383758545
2020-07-14,7.806732177734375
2020-07-16,8.05479621887207
2020-07-17,7.9420928955078125
2020-07-20,8.088445663452148
2020-07-21,7.927456855773926
2020-07-22,8.229921340942383
2020-07-23,8.581167221069336
2020-07-24,8.561654090881348
2020-07-27,9.181215286254883
2020-07-28,8.947049140930176
2020-07-29,8.605559349060059
2020-07-30,8.600680351257324
2020-08-04,8.390908241271973
2020-08-05,8.254311561584473
2020-08-06,7.454248905181885
2020-08-07,8.190893173217773
2020-08-10,8.786063194274902
2020-08-11,8.844602584838867
2020-08-12,8.634830474853516
2020-08-13,8.586047172546387
2020-08-14,8.39578628540039
2020-08-17,8.722640991210938
2020-08-18,8.639708518981934
2020-08-19,8.727521896362305
2020-08-20,8.629952430725098
2020-08-21,8.46408462524414
2020-08-24,8.390908241271973
2020-08-25,8.186014175415039
2020-08-26,8.278704643249512
2020-08-27,8.259190559387207
2020-08-28,8.166500091552734
2020-08-31,7.9372148513793945
2020-09-01,8.195770263671875
2020-09-02,8.107959747314453
2020-09-03,8.283583641052246
2020-09-04,8.229921340942383
2020-09-07,8.239677429199219
2020-09-08,8.13235092163086
2020-09-09,8.078688621520996
2020-09-10,8.098203659057617
2020-09-11,8.107959747314453
2020-09-14,8.156743049621582
2020-09-15,8.151865005493164
2020-09-16,8.127473831176758
2020-09-17,8.112835884094238
2020-09-18,8.112835884094238
2020-09-21,7.898186206817627
2020-09-22,7.946971416473389
2020-09-23,8.005514144897461
2020-09-24,8.278704643249512
2020-09-25,8.415300369262695
2020-09-28,8.527504920959473
2020-09-29,9.069011688232422
2020-09-30,9.493435859680176
2020-10-01,9.054374694824219
2020-10-02,8.986076354980469
2020-10-05,9.132430076599121
2020-10-06,9.049497604370117
2020-10-07,9.044618606567383
2020-10-08,8.805575370788574
2020-10-09,8.834845542907715
2020-10-12,8.820210456848145
2020-10-13,8.795819282531738
2020-10-14,8.805575370788574
2020-10-15,8.864116668701172
2020-10-16,8.829374313354492
2020-10-19,8.863616943359375
2020-10-20,8.897856712341309
2020-10-21,8.858725547790527
2020-10-22,8.941883087158203
2020-10-23,8.829374313354492
2020-10-26,8.34510326385498
2020-10-27,8.462502479553223
2020-10-28,8.511420249938965
2020-10-30,8.183680534362793
2020-11-02,8.62881851196289
2020-11-03,8.472286224365234
2020-11-04,8.491852760314941
2020-11-05,8.501635551452637
2020-11-06,8.526094436645508
2020-11-09,8.751108169555664
2020-11-10,8.809808731079102
2020-11-11,9.093522071838379
2020-11-12,8.941883087158203
2020-11-13,8.981014251708984
2020-11-16,8.897856712341309
2020-11-17,8.65816879272461
2020-11-18,8.88318157196045
2020-11-19,8.927206039428711
2020-11-20,8.976122856140137
2020-11-23,8.902749061584473
2020-11-24,8.951664924621582
2020-11-25,8.897856712341309
2020-11-26,8.946773529052734
2020-11-27,8.858725547790527
2020-11-30,8.575011253356934
2020-12-01,8.78534984588623
2020-12-02,8.721759796142578
2020-12-03,8.721759796142578
2020-12-04,8.65816879272461
2020-12-07,8.62881851196289
2020-12-08,8.619035720825195
2020-12-09,8.716867446899414
2020-12-10,8.623926162719727
2020-12-11,8.579902648925781
2020-12-14,8.741325378417969
2020-12-15,8.71197509765625
2020-12-16,8.76089096069336
2020-12-17,8.741325378417969
2020-12-18,8.750632286071777
2020-12-21,8.843830108642578
2020-12-22,8.794778823852539
2020-12-23,8.834020614624023
2020-12-24,8.848735809326172
2020-12-25,8.834020614624023
2020-12-28,8.838923454284668
2020-12-29,8.780064582824707
2020-12-30,9.044937133789062
2020-12-31,8.990982055664062
2021-01-04,9.005695343017578
2021-01-05,8.966456413269043
2021-01-06,9.177373886108398
2021-01-07,9.295096397399902
2021-01-08,9.309810638427734
2021-01-11,9.275474548339844
2021-01-12,9.265664100646973
2021-01-13,9.167564392089844
2021-01-14,9.093988418579102
2021-01-15,8.927215576171875
2021-01-18,9.040032386779785
2021-01-19,9.030220985412598
2021-01-20,8.941930770874023
2021-01-21,8.868354797363281
2021-01-22,8.976266860961914
2021-01-25,8.922311782836914
2021-01-26,8.995885848999023
2021-01-27,8.6378173828125
2021-01-28,8.686867713928223
2021-01-29,8.485759735107422
2021-02-01,8.544620513916016
2021-02-02,8.574051856994629
2021-02-03,8.794778823852539
2021-02-04,8.706488609313965
2021-02-05,8.65743637084961
2021-02-08,8.65743637084961
2021-02-09,8.85854434967041
2021-02-10,8.814398765563965
2021-02-11,8.726107597351074
2021-02-12,8.65743637084961
2021-02-15,8.750632286071777
2021-02-16,8.574051856994629
2021-02-17,8.554430961608887
2021-02-18,8.510285377502441
2021-02-19,8.696677207946777
2021-02-22,8.593671798706055
2021-02-23,8.377847671508789
2021-02-24,8.534810066223145
2021-02-25,8.3827543258667
2021-02-26,8.328798294067383
2021-03-01,8.446518898010254
2021-03-02,8.431804656982422
2021-03-03,8.441614151000977
2021-03-04,8.426899909973145
2021-03-05,8.446518898010254
2021-03-08,8.353323936462402
2021-03-09,8.42199420928955
2021-03-10,8.441614151000977
2021-03-11,8.407279968261719
2021-03-12,8.392562866210938
2021-03-15,8.475950241088867
2021-03-16,8.456329345703125
2021-03-17,8.368038177490234
2021-03-18,8.279747009277344
2021-03-19,8.02958869934082
2021-03-22,7.230063438415527
2021-03-23,7.37721586227417
2021-03-24,7.499841690063477
2021-03-25,7.387026309967041
2021-03-26,7.284019470214844
2021-03-29,7.4164557456970215
2021-03-30,7.367405891418457
2021-03-31,7.333069801330566
2021-04-01,7.58322811126709
2021-04-02,7.602848052978516
2021-04-05,7.818671226501465
2021-04-06,7.6175642013549805
2021-04-07,7.656804084777832
2021-04-08,7.5587029457092285
2021-04-09,7.426265716552734
2021-04-12,7.382120132446289
2021-04-13,7.357594966888428
2021-04-14,7.504746913909912
2021-04-15,7.426265716552734
2021-04-16,7.460601806640625
2021-04-19,7.33797550201416
2021-04-20,7.318354606628418
2021-04-21,7.11234188079834
2021-04-22,7.136867046356201
2021-04-26,7.195727825164795
2021-04-27,7.597943305969238
2021-04-28,7.308544158935547
2021-04-29,7.367405891418457
2021-04-30,7.357594966888428
2021-05-03,7.411550998687744
2021-05-04,7.313449382781982
2021-05-05,7.313449382781982
2021-05-06,7.249683856964111
2021-05-07,7.37721586227417
2021-05-10,7.406645774841309
2021-05-11,7.318354606628418
2021-05-12,7.284019470214844
2021-05-17,7.440981388092041
2021-05-18,7.426265716552734
2021-05-20,7.382120132446289
2021-05-21,7.431171417236328
2021-05-24,7.548892498016357
2021-05-25,7.220252990722656
2021-05-26,7.37721586227417
2021-05-27,7.3036394119262695
2021-05-28,7.37721586227417
2021-05-31,7.308544158935547
2021-06-01,7.382120132446289
2021-06-02,7.39193058013916
2021-06-03,7.372310638427734
2021-06-04,7.396835803985596
2021-06-07,7.58322811126709
2021-06-08,7.568512916564941
2021-06-09,7.504746913909912
2021-06-10,7.7009501457214355
2021-06-11,7.656804084777832
2021-06-14,7.75
2021-06-15,7.632278919219971
2021-06-16,7.5390825271606445
2021-06-17,7.401740550994873
2021-06-18,7.313449382781982
2021-06-21,7.475316524505615
2021-06-22,7.524367809295654
2021-06-23,7.4360761642456055
2021-06-24,7.460601806640625
2021-06-25,7.372310638427734
2021-06-28,7.308544158935547
2021-06-29,7.362500190734863
2021-06-30,7.220252990722656
2021-07-01,7.298734664916992
2021-07-02,7.225158214569092
2021-07-05,7.372310638427734
2021-07-06,7.269303798675537
2021-07-07,7.293829917907715
2021-07-08,7.234968662261963
2021-07-09,7.259493350982666
2021-07-12,7.07310152053833
2021-07-13,6.974999904632568
2021-07-14,7.102531433105469
2021-07-16,7.092721939086914
2021-07-19,7.092721939086914
2021-07-26,7.146677494049072
2021-07-27,7.239873886108398
2021-07-28,7.288924217224121
2021-07-29,7.485126972198486
2021-07-30,7.607753753662109
2021-08-02,7.867722034454346
2021-08-03,7.936392307281494
2021-08-04,7.78924036026001
2021-08-05,7.867722034454346
2021-08-06,7.833385944366455
2021-08-09,7.759810447692871
2021-08-10,7.799050807952881
2021-08-11,7.504746913909912
2021-08-12,7.602848052978516
2021-08-13,7.5783233642578125
2021-08-16,7.568512916564941
2021-08-17,7.568512916564941
2021-08-18,7.485126972198486
2021-08-19,7.494936943054199
2021-08-20,7.543987274169922
2021-08-23,7.666614055633545
2021-08-24,7.681329250335693
2021-08-25,7.715664863586426
2021-08-26,7.6911396980285645
2021-08-27,7.754905700683594
2021-08-31,7.7941460609436035
2021-09-01,7.705854415893555
2021-09-02,7.715664863586426
2021-09-03,7.7009501457214355
2021-09-06,7.696044445037842
2021-09-07,7.553797721862793
2021-09-08,7.445886135101318
2021-09-09,7.5194621086120605
2021-09-10,7.4164557456970215
2021-09-13,7.411550998687744
2021-09-14,7.33797550201416
2021-09-15,7.239873886108398
2021-09-16,7.215348243713379
2021-09-17,7.288924217224121
2021-09-20,7.347784996032715
2021-09-21,7.225158214569092
2021-09-22,7.308544158935547
2021-09-23,7.308544158935547
2021-09-24,7.200633525848389
2021-09-27,7.230063438415527
2021-09-28,7.171202659606934
2021-09-29,7.234968662261963
2021-09-30,7.426265716552734
2021-10-01,7.387026309967041
2021-10-04,7.465506553649902
2021-10-05,7.39193058013916
2021-10-06,7.274209022521973
2021-10-07,7.607753753662109
2021-10-08,7.735285758972168
2021-10-11,7.759810447692871
2021-10-12,8.014873504638672
2021-10-13,7.995253562927246
2021-10-14,8.127690315246582
2021-10-15,8.088449478149414
2021-10-18,7.980538368225098
2021-10-19,8.044303894042969
2021-10-20,7.995253562927246
2021-10-21,8.147311210632324
2021-10-22,8.191454887390137
2021-10-25,8.181645393371582
2021-10-26,8.323891639709473
2021-10-27,8.083544731140137
2021-10-28,8.059020042419434
2021-11-01,8.083544731140137
2021-11-02,8.0050630569458
2021-11-03,7.965823650360107
2021-11-04,8.181645393371582
2021-11-05,8.201266288757324
2021-11-08,8.299367904663086
2021-11-09,8.436708450317383
2021-11-10,8.377847671508789
2021-11-11,8.431804656982422
2021-11-12,8.515190124511719
2021-11-15,8.838923454284668
2021-11-16,8.740823745727539
2021-11-17,8.88306999206543
2021-11-18,9.143038749694824
2021-11-19,9.279426574707031
2021-11-22,9.249715805053711
2021-11-23,9.55176830291748
2021-11-24,10.398503303527832
2021-11-25,10.537150382995605
2021-11-26,10.240050315856934
2021-11-29,11.260093688964844
2021-11-30,10.76492691040039
2021-12-01,10.81444263458252
2021-12-02,10.84415340423584
2021-12-03,10.873863220214844
2021-12-06,11.16106128692627
2021-12-07,11.428449630737305
2021-12-08,11.834487915039062
2021-12-09,12.398978233337402
2021-12-10,12.131587028503418
2021-12-13,12.755496978759766
2021-12-14,12.963467597961426
2021-12-15,12.63665771484375
2021-12-16,13.537860870361328
2021-12-17,12.191008567810059
2021-12-20,11.983037948608398
2021-12-21,10.784733772277832
2021-12-22,9.942950248718262
2021-12-23,9.819157600402832
2021-12-24,10.705507278442383
2021-12-27,10.804539680480957
2021-12-28,10.477729797363281
2021-12-29,10.715409278869629
2021-12-30,10.457923889160156
2021-12-31,10.339082717895508
2022-01-03,10.794636726379395
2022-01-04,11.141252517700195
2022-01-05,11.3987398147583
2022-01-06,11.517580032348633
2022-01-07,11.616613388061523
2022-01-10,11.983037948608398
2022-01-11,11.884003639221191
2022-01-12,11.96323013305664
2022-01-13,12.032552719116211
2022-01-14,11.953326225280762
2022-01-17,11.992939949035645
2022-01-18,11.289803504943848
2022-01-19,11.497774124145508
2022-01-20,11.16106128692627
2022-01-21,11.042220115661621
2022-01-24,10.339082717895508
2022-01-25,10.477729797363281
2022-01-26,10.576763153076172
2022-01-27,11.042220115661621
2022-01-28,10.854057312011719
2022-01-31,10.69560432434082
2022-02-01,10.646086692810059
2022-02-02,10.527247428894043
2022-02-03,10.269760131835938
2022-02-04,10.160822868347168
2022-02-07,10.428213119506836
2022-02-08,10.438117980957031
2022-02-09,10.586666107177734
2022-02-10,10.497536659240723
2022-02-11,10.76492691040039
2022-02-14,10.81444263458252
2022-02-15,10.774829864501953
2022-02-16,11.02241325378418
2022-02-17,10.74512004852295
2022-02-18,10.725313186645508
2022-02-21,10.705507278442383
2022-02-22,10.63618278503418
2022-02-23,10.398503303527832
2022-02-24,9.35865306854248
2022-02-25,10.170726776123047
2022-02-28,11.012510299682617
2022-03-01,11.884003639221191
2022-03-02,11.369030952453613
2022-03-03,11.79487419128418
2022-03-04,11.983037948608398
2022-03-07,12.032552719116211
2022-03-08,12.834724426269531
2022-03-09,12.379170417785645
2022-03-10,12.091974258422852
2022-03-11,12.052360534667969
2022-03-14,11.933521270751953
2022-03-15,11.864195823669434
2022-03-16,11.606710433959961
2022-03-17,11.775067329406738
2022-03-18,11.537386894226074
2022-03-21,11.96323013305664
2022-03-22,12.032552719116211
2022-03-23,11.844390869140625
2022-03-24,11.68593692779541
2022-03-25,11.804777145385742
2022-03-28,11.676033973693848
2022-03-29,11.844390869140625
2022-03-30,12.072166442871094
2022-03-31,11.953326225280762
2022-04-01,12.270235061645508
2022-04-04,12.547527313232422
2022-04-05,12.884241104125977
2022-04-06,12.646561622619629
2022-04-07,12.92385482788086
2022-04-08,13.815155029296875
2022-04-11,13.854767799377441
2022-04-12,13.765636444091797
2022-04-13,13.795348167419434
2022-04-14,13.775541305541992
2022-04-15,13.636894226074219
2022-04-18,13.94389820098877
2022-04-19,13.72602367401123
2022-04-20,13.795348167419434
2022-04-21,14.122159004211426
2022-04-22,13.36950397491455
2022-04-25,13.36950397491455
2022-04-26,12.676271438598633
2022-04-27,12.448493957519531
2022-04-28,12.260331153869629
2022-04-29,12.131587028503418
2022-05-05,12.210813522338867
2022-05-06,11.933521270751953
2022-05-09,11.755260467529297
2022-05-10,11.834487915039062
2022-05-11,11.814680099487305
2022-05-12,11.210577011108398
2022-05-13,11.369030952453613
2022-05-16,11.190770149230957
2022-05-17,11.131349563598633
2022-05-18,11.012510299682617
2022-05-20,11.279900550842285
2022-05-23,11.68593692779541
2022-05-24,11.418547630310059
2022-05-25,11.715646743774414
2022-05-26,11.874100685119629
2022-05-27,11.636420249938965
2022-05-30,11.97313404083252
2022-05-31,12.111780166625977
2022-06-01,12.329652786254883
2022-06-02,12.299943923950195
2022-06-03,12.052360534667969
2022-06-06,12.2900390625
2022-06-07,12.191008567810059
2022-06-08,11.577000617980957
2022-06-09,11.735453605651855
2022-06-10,11.507678031921387
2022-06-13,11.289803504943848
2022-06-14,11.527483940124512
2022-06-15,11.517580032348633
2022-06-16,11.269996643066406
2022-06-17,11.507678031921387
2022-06-20,11.804777145385742
2022-06-21,11.97313404083252
2022-06-22,11.755260467529297
2022-06-23,11.537386894226074
2022-06-24,12.161296844482422
2022-06-27,11.874100685119629
2022-06-28,11.487870216369629
2022-06-29,11.230382919311523
2022-06-30,11.319513320922852
2022-07-01,11.32941722869873
2022-07-04,11.071930885314941
2022-07-05,10.715409278869629
2022-07-06,10.913476943969727
2022-07-07,10.933283805847168
2022-07-08,10.992704391479492
2022-07-13,10.873863220214844
2022-07-14,10.705507278442383
2022-07-18,10.883766174316406
2022-07-19,11.042220115661621
2022-07-20,10.982799530029297
2022-07-21,11.052123069763184
2022-07-22,11.071930885314941
2022-07-25,11.131349563598633
2022-07-26,11.02241325378418
2022-07-27,11.062026023864746
2022-07-28,10.94318675994873
2022-07-29,10.992704391479492
2022-08-01,11.428449630737305
2022-08-02,11.250190734863281
2022-08-03,11.487870216369629
2022-08-04,11.577000617980957
2022-08-05,11.666131019592285
2022-08-08,11.884003639221191
2022-08-09,11.864195823669434
2022-08-10,11.884003639221191
2022-08-11,11.933521270751953
2022-08-12,12.161296844482422
2022-08-15,12.111780166625977
2022-08-16,11.903810501098633
2022-08-17,12.299943923950195
2022-08-18,12.834724426269531
2022-08-19,12.646561622619629
2022-08-22,12.775303840637207
2022-08-23,12.864433288574219
2022-08-24,12.5574312210083
2022-08-25,12.973371505737305
2022-08-26,13.220954895019531
2022-08-29,13.102113723754883
2022-08-31,12.904047012329102
2022-09-01,12.597044944763184
2022-09-02,13.488344192504883
2022-09-05,14.250901222229004
2022-09-06,13.963704109191895
2022-09-07,14.191481590270996
2022-09-08,13.884477615356445
2022-09-09,14.518290519714355
2022-09-12,15.964179992675781
2022-09-13,14.855005264282227
2022-09-14,16.340503692626953
2022-09-15,16.766347885131836
2022-09-16,16.736637115478516
2022-09-19,15.062975883483887
2022-09-20,15.231330871582031
2022-09-21,15.389785766601562
2022-09-22,15.310559272766113
2022-09-23,14.904520034790039
2022-09-26,14.934231758117676
2022-09-27,14.696551322937012
2022-09-28,14.231094360351562
2022-09-29,14.805488586425781
2022-09-30,14.508387565612793
2022-10-03,15.785918235778809
2022-10-04,15.508625030517578
2022-10-05,15.330364227294922
2022-10-06,15.568044662475586
2022-10-07,15.587851524353027
2022-10-10,16.2315673828125
2022-10-11,15.974079132080078
2022-10-12,15.657175064086914
2022-10-13,15.389785766601562
2022-10-14,15.41949462890625
2022-10-17,16.19195556640625
2022-10-18,16.57818603515625
2022-10-19,16.221664428710938
2022-10-20,16.102825164794922
2022-10-21,15.766111373901367
2022-10-24,15.785918235778809
2022-10-25,15.795823097229004
2022-10-26,16.44944190979004
2022-10-27,16.023597717285156
2022-10-28,15.746304512023926
2022-10-31,15.954275131225586
2022-11-01,16.50886344909668
2022-11-02,17.76658821105957
2022-11-03,17.083255767822266
2022-11-04,17.390256881713867
2022-11-07,17.657649993896484
2022-11-08,17.91513442993164
2022-11-09,18.925275802612305
2022-11-10,18.836145401000977
2022-11-11,19.2421817779541
2022-11-14,20.64845848083496
2022-11-15,20.37116241455078
2022-11-16,19.824668884277344
2022-11-17,20.372034072875977
2022-11-18,19.764955520629883
2022-11-21,20.690505981445312
2022-11-22,21.19806480407715
2022-11-23,21.884761810302734
2022-11-24,22.840167999267578
2022-11-25,23.984664916992188
2022-11-28,23.39748764038086
2022-11-29,23.387535095214844
2022-11-30,24.14389991760254
2022-12-01,23.755765914916992
2022-12-02,23.407440185546875
2022-12-05,24.77088165283203
2022-12-06,24.40265464782715
2022-12-07,24.571842193603516
2022-12-08,25.377962112426758
2022-12-09,26.621980667114258
2022-12-12,29.010496139526367
2022-12-13,29.532981872558594
2022-12-14,28.06504249572754
2022-12-15,29.010496139526367
2022-12-16,28.662168502807617
2022-12-19,29.582744598388672
2022-12-20,30.354034423828125
2022-12-21,29.48322296142578
2022-12-22,28.910972595214844
2022-12-23,28.86121368408203
2022-12-26,29.458343505859375
2022-12-27,28.836332321166992
2022-12-28,29.060258865356445
2022-12-29,29.259300231933594
2022-12-30,30.926284790039062
2023-01-02,32.14542007446289
2023-01-03,34.38465118408203
2023-01-04,32.419105529785156
2023-01-05,30.926284790039062
2023-01-06,31.299489974975586
2023-01-09,29.408580780029297
2023-01-10,28.935855865478516
2023-01-11,26.273656845092773
2023-01-12,27.816240310668945
2023-01-13,27.492794036865234
2023-01-16,28.836332321166992
2023-01-17,29.30906105041504
2023-01-18,31.374130249023438
2023-01-19,30.702360153198242
2023-01-20,31.075565338134766
2023-01-23,30.304277420043945
2023-01-24,31.34925079345703
2023-01-25,30.677480697631836
2023-01-26,30.32915496826172
2023-01-27,30.627717971801758
2023-01-30,29.383703231811523
2023-01-31,28.264083862304688
2023-02-01,26.39805793762207
2023-02-02,26.597103118896484
2023-02-03,28.5875301361084
2023-02-06,29.259300231933594
2023-02-07,26.348299026489258
2023-02-08,23.73586082458496
2023-02-15,28.960735321044922
2023-02-16,28.338727951049805
2023-02-17,27.816240310668945
2023-02-20,27.243989944458008
2023-02-21,27.069828033447266
2023-02-22,27.368392944335938
2023-02-23,27.044946670532227
2023-02-24,26.5224609375
2023-02-27,27.592317581176758
2023-02-28,27.467914581298828
2023-03-01,27.617197036743164
2023-03-02,27.542552947998047
2023-03-03,27.169349670410156
2023-03-06,27.716718673706055
2023-03-07,27.816240310668945
2023-03-08,28.338727951049805
2023-03-09,28.985614776611328
2023-03-10,28.214326858520508
2023-03-13,28.288965225219727
2023-03-14,28.836332321166992
2023-03-15,27.517675399780273
2023-03-16,27.96552276611328
2023-03-17,28.537769317626953
2023-03-20,27.592317581176758
2023-03-21,26.5224609375
2023-03-22,27.368392944335938
2023-03-23,28.164562225341797
2023-03-24,28.015283584594727
2023-03-27,28.18944549560547
2023-03-28,26.49757957458496
2023-03-29,26.99518585205078
2023-03-30,26.348299026489258
2023-03-31,25.850692749023438
2023-04-03,25.40284538269043
2023-04-04,26.472700119018555
2023-04-05,25.950212478637695
2023-04-06,26.32341957092285
2023-04-07,25.950212478637695
2023-04-10,26.895666122436523
2023-04-11,26.621980667114258
2023-04-12,27.393272399902344
2023-04-13,26.84590721130371
2023-04-14,26.32341957092285
2023-04-17,25.90045166015625
2023-04-18,25.77604866027832
2023-04-19,26.373178482055664
2023-04-20,25.850692749023438
2023-04-24,25.577007293701172
2023-04-25,24.830596923828125
2023-04-26,24.104087829589844
2023-04-27,23.566673278808594
2023-04-28,22.252992630004883
2023-05-02,21.456819534301758
2023-05-03,21.088592529296875
2023-05-04,20.899499893188477
2023-05-05,20.103328704833984
2023-05-08,20.720359802246094
2023-05-09,19.924190521240234
2023-05-10,19.4166316986084
2023-05-11,20.879592895507812
2023-05-12,20.531269073486328
2023-05-15,20.163042068481445
2023-05-16,21.277679443359375
2023-05-17,21.536436080932617
2023-05-18,20.98906898498535
2023-05-22,20.700456619262695
2023-05-23,20.541221618652344
2023-05-24,20.1331844329834
2023-05-25,20.023712158203125
2023-05-26,21.765338897705078
2023-05-29,23.934900283813477
2023-05-30,24.382749557495117
2023-05-31,23.63633918762207
2023-06-01,23.73586082458496
2023-06-02,24.412607192993164
2023-06-05,25.427722930908203
2023-06-06,25.90045166015625
2023-06-07,27.02006721496582
2023-06-08,27.169349670410156
2023-06-09,27.666954040527344
2023-06-12,26.94542694091797
2023-06-13,25.87557029724121
2023-06-14,25.99997329711914
2023-06-15,26.32341957092285
2023-06-16,26.149255752563477
2023-06-19,24.631553649902344
2023-06-20,24.123994827270508
2023-06-21,24.382749557495117
2023-06-22,25.60188865661621
2023-06-23,26.32341957092285
2023-06-26,27.293750762939453
2023-06-27,27.094711303710938
2023-07-03,28.488008499145508
2023-07-04,29.632505416870117
2023-07-05,29.607624053955078
2023-07-06,29.15977668762207
2023-07-07,29.383703231811523
2023-07-10,30.652599334716797
2023-07-11,31.548294067382812
2023-07-12,31.498533248901367
2023-07-13,33.837284088134766
2023-07-14,34.58369445800781
2023-07-17,36.82292556762695
2023-07-18,34.58369445800781
2023-07-19,35.62866973876953
2023-07-20,36.648765563964844
2023-07-21,35.9272346496582
2023-07-24,34.981781005859375
2023-07-25,35.28034591674805
2023-07-26,36.97220993041992
2023-07-27,36.44972610473633
2023-07-28,37.1463737487793
2023-07-31,37.121490478515625
2023-08-01,37.096614837646484
2023-08-02,39.16168212890625
2023-08-03,38.06694793701172
2023-08-04,38.166465759277344
2023-08-07,39.01240158081055
2023-08-08,37.81814193725586
2023-08-09,38.56454849243164
2023-08-10,37.270774841308594
2023-08-11,39.03727722167969
2023-08-14,38.76359939575195
2023-08-15,39.31096267700195
2023-08-16,37.07173156738281
2023-08-17,36.87268829345703
2023-08-18,35.15594482421875
2023-08-21,36.748287200927734
2023-08-22,36.424842834472656
2023-08-23,36.20092010498047
2023-08-24,36.82292556762695
2023-08-25,37.59919738769531
2023-08-28,39.171634674072266
2023-08-29,38.455078125
2023-08-31,38.335655212402344
2023-09-01,38.53469467163086
2023-09-04,38.37546157836914
2023-09-05,38.31574630737305
2023-09-06,40.98292541503906
2023-09-07,41.79899978637695
2023-09-08,43.29181671142578
2023-09-11,41.3213005065918
2023-09-12,42.55535888671875
2023-09-13,41.10234832763672
2023-09-14,41.50043869018555
2023-09-15,40.6246452331543
2023-09-18,38.25603485107422
2023-09-19,39.410484313964844
2023-09-20,37.81814193725586
2023-09-21,39.66923904418945
2023-09-22,40.32608413696289
2023-09-25,42.09756088256836
2023-09-26,40.80378341674805
2023-09-27,40.405696868896484
2023-09-28,40.127037048339844
2023-09-29,40.60474395751953
2023-10-02,41.34120178222656
2023-10-03,41.10234832763672
2023-10-04,40.38579559326172
2023-10-05,41.460628509521484
2023-10-06,40.72416687011719
2023-10-09,43.670005798339844
2023-10-10,42.67478942871094
2023-10-11,41.77909469604492
2023-10-12,42.893733978271484
2023-10-13,42.3961296081543
2023-10-16,40.30617904663086
2023-10-17,40.72416687011719
2023-10-18,39.510009765625
2023-10-19,40.90330505371094
2023-10-20,39.92799758911133
2023-10-23,40.60474395751953
2023-10-24,41.73928451538086
2023-10-25,39.45029067993164
2023-10-26,41.26158142089844
2023-10-27,41.6795768737793
2023-10-30,41.6795768737793
2023-10-31,41.14215850830078
2023-11-01,41.34120178222656
2023-11-02,43.19230270385742
2023-11-03,43.21220397949219
2023-11-06,44.12779998779297
2023-11-07,42.973350524902344
2023-11-08,42.69469451904297
2023-11-09,42.475746154785156
2023-11-10,41.95823669433594
2023-11-13,40.92321014404297
2023-11-14,41.12225341796875
2023-11-15,40.80378341674805
2023-11-16,41.540245056152344
2023-11-17,42.017948150634766
2023-11-20,44.386558532714844
2023-11-21,46.23765182495117
2023-11-22,46.06587600708008
2023-11-23,46.384944915771484
2023-11-24,47.66122817993164
2023-11-27,49.25658416748047
2023-11-28,48.39908218383789
2023-11-29,47.86064529418945
2023-11-30,48.698211669921875
2023-12-01,48.359195709228516
2023-12-04,48.95745086669922
2023-12-05,49.43606185913086
2023-12-06,47.162681579589844
2023-12-07,46.6840705871582
2023-12-08,46.04593276977539
2023-12-11,46.04593276977539
2023-12-12,45.686973571777344
2023-12-13,45.22831344604492
2023-12-14,46.4647102355957
2023-12-15,49.45600128173828
2023-12-18,47.382041931152344
2023-12-19,48.25948715209961
2023-12-20,45.88639831542969
2023-12-21,47.48175048828125
2023-12-22,45.467613220214844
2023-12-25,44.05173873901367
2023-12-26,43.393653869628906
2023-12-27,42.89510726928711
2023-12-28,44.649993896484375
2023-12-29,44.84941482543945
2024-01-02,46.76384353637695
2024-01-03,46.4647102355957
2024-01-04,47.32221221923828
2024-01-05,47.30227279663086
2024-01-08,47.50168991088867
2024-01-09,46.8037223815918
2024-01-10,47.342159271240234
2024-01-11,46.743900299072266
2024-01-12,47.40198516845703
2024-01-15,47.48175048828125
2024-01-16,47.9404182434082
2024-01-17,48.15977478027344
2024-01-18,48.25948715209961
2024-01-19,47.32221221923828
2024-01-22,46.98320007324219
2024-01-23,47.12279510498047
2024-01-24,48.25948715209961
2024-01-25,48.339256286621094
2024-01-26,49.0372200012207
2024-01-29,51.25077819824219
2024-01-30,50.702369689941406
2024-01-31,50.45309829711914
2024-02-01,51.151065826416016
2024-02-02,51.001502990722656
2024-02-05,52.19801712036133
2024-02-06,52.148162841796875
2024-02-07,51.10121154785156
2024-02-08,51.20092010498047
2024-02-09,51.9487419128418
2024-02-12,53.29482650756836
2024-02-13,54.79047393798828
2024-02-14,54.74061584472656
2024-02-15,55.6878547668457
2024-02-16,58.13074493408203
2024-02-19,58.33016586303711
2024-02-20,59.37711715698242
2024-02-21,60.22465133666992
2024-02-22,62.21884536743164
2024-02-23,63.11623001098633
2024-02-26,66.30693817138672
2024-02-27,63.066375732421875
2024-02-28,60.72319793701172
2024-02-29,59.825809478759766
2024-03-01,59.02812957763672
2024-03-04,58.38002014160156
2024-03-05,56.43567657470703
2024-03-06,54.74061584472656
2024-03-07,57.08379364013672
2024-03-08,58.38002014160156
2024-03-11,56.43567657470703
2024-03-12,55.638004302978516
2024-03-13,55.43857955932617
2024-03-14,56.236263275146484
2024-03-15,57.482635498046875
2024-03-18,54.989891052246094
2024-03-19,56.03684616088867
2024-03-20,55.78757095336914
2024-03-21,57.73190689086914
2024-03-22,56.186405181884766
2024-03-25,55.03974914550781
2024-03-26,52.84613037109375
2024-03-27,55.53829574584961
2024-03-28,55.28902053833008
2024-03-29,55.937129974365234
2024-04-01,54.74061584472656
2024-04-02,52.2977294921875
2024-04-03,52.2977294921875
2024-04-04,53.693660736083984
2024-04-05,58.28030776977539
2024-04-08,58.629295349121094
2024-04-15,57.93132400512695
2024-04-16,58.38002014160156
2024-04-17,57.53248596191406
2024-04-18,57.482635498046875
2024-04-19,58.52958297729492
2024-04-22,57.632198333740234
2024-04-24,58.13074493408203
2024-04-25,57.2832145690918
2024-04-26,58.92842102050781
2024-04-29,61.86985778808594
2024-04-30,60.573631286621094
2024-05-02,61.91971206665039
2024-05-03,62.0194206237793
2024-05-06,62.21884536743164
2024-05-07,62.11913299560547
2024-05-08,62.21884536743164
2024-05-09,63.2159423828125
2024-05-10,63.2159423828125
2024-05-13,62.21884536743164
2024-05-14,60.67333984375
2024-05-15,59.77595520019531
2024-05-16,60.52377700805664
2024-05-17,61.27159881591797
2024-05-20,62.0194206237793
2024-05-21,61.22174835205078
2024-05-22,61.32145309448242
2024-05-23,60.32435607910156
2024-05-24,59.07798767089844
2024-05-27,59.87566375732422
2024-05-28,59.42696762084961
2024-05-29,57.3829231262207
2024-05-30,59.92551803588867
2024-05-31,58.479732513427734
2024-06-03,60.22465133666992
2024-06-04,59.02812957763672
2024-06-05,58.828712463378906
2024-06-06,60.27450180053711
2024-06-07,60.47392654418945
2024-06-10,58.13074493408203
2024-06-11,56.83451843261719
2024-06-12,57.43277359008789
2024-06-13,59.97537612915039
2024-06-14,59.17769241333008
2024-06-20,60.52377700805664
2024-06-21,61.32145309448242
2024-06-24,61.57072830200195
2024-06-25,59.72610092163086
2024-06-26,58.72900390625
2024-06-27,59.72610092163086
2024-06-28,58.42987060546875
2024-07-01,56.08669662475586
2024-07-02,56.78466796875
2024-07-03,58.33016586303711
2024-07-04,59.92551803588867
2024-07-05,60.573631286621094
2024-07-08,63.11623001098633
2024-07-09,64.36260223388672
2024-07-10,64.81128692626953
2024-07-11,64.71158599853516
2024-07-12,63.614776611328125
2024-07-16,63.066375732421875
2024-07-17,63.31564712524414
2024-07-18,62.96666717529297
2024-07-19,62.817100524902344
2024-07-22,63.066375732421875
2024-07-23,64.11332702636719
2024-07-24,62.617679595947266
2024-07-25,64.26288604736328
2024-07-26,64.4124526977539
2024-07-29,62.51797103881836
2024-07-30,62.56782531738281
2024-07-31,62.31855010986328
2024-08-01,63.11623001098633
2024-08-02,60.62348937988281
2024-08-05,56.585243225097656
2024-08-06,56.08669662475586
2024-08-07,58.08089065551758
2024-08-08,59.02812957763672
2024-08-09,57.781761169433594
2024-08-12,56.88437271118164
2024-08-13,58.18059539794922
2024-08-14,57.3829231262207
2024-08-15,58.52958297729492
2024-08-16,57.582340240478516
2024-08-19,58.67914581298828
2024-08-20,57.8814697265625
2024-08-21,56.43567657470703
2024-08-22,55.98698806762695
2024-08-23,54.940032958984375
2024-08-26,54.34177780151367
2024-08-27,56.33597183227539
2024-08-28,56.934226989746094
2024-08-29,58.2304573059082
2024-09-02,59.07798767089844
2024-09-03,57.482635498046875
2024-09-04,56.635101318359375
2024-09-05,57.33306884765625
2024-09-06,57.183502197265625
2024-09-09,55.83742141723633
2024-09-10,56.28611755371094
2024-09-11,54.74061584472656
2024-09-12,55.78757095336914
2024-09-13,58.18059539794922
2024-09-16,57.183502197265625
2024-09-17,57.93132400512695
2024-09-18,57.582340240478516
2024-09-19,58.479732513427734
2024-09-20,59.02812957763672
2024-09-23,59.12784194946289
2024-09-24,62.26869583129883
2024-09-25,60.97247314453125
2024-09-26,59.07798767089844
2024-09-27,59.07798767089844
2024-09-30,59.07798767089844
2024-10-01,58.2304573059082
2024-10-02,56.03684616088867
2024-10-03,57.632198333740234
2024-10-04,60.97247314453125
2024-10-07,58.828712463378906
2024-10-08,57.98118209838867
2024-10-09,58.579437255859375
2024-10-10,56.53539276123047
2024-10-11,55.937129974365234
2024-10-14,55.189308166503906
2024-10-15,55.83742141723633
2024-10-16,56.88437271118164
2024-10-17,58.08089065551758
2024-10-18,59.17769241333008
2024-10-21,57.43277359008789
2024-10-22,58.18059539794922
2024-10-23,60.822906494140625
2024-10-24,60.67333984375
2024-10-25,60.67333984375
2024-10-28,60.02522659301758
2024-10-30,61.32145309448242
2024-10-31,60.67333984375
2024-11-01,63.66463088989258
2024-11-04,63.31564712524414
2024-11-05,64.96085357666016
2024-11-06,63.36550521850586
2024-11-07,65.1602783203125
2024-11-08,65.0605697631836
2024-11-11,65.60897064208984
2024-11-12,65.80838775634766
2024-11-13,67.80258178710938
2024-11-14,68.15157318115234
2024-11-15,67.50345611572266
2024-11-18,67.2541732788086
2024-11-19,67.702880859375
2024-11-20,65.80838775634766
2024-11-21,67.85244750976562
2024-11-22,68.30113220214844
2024-11-25,68.91220092773438
2024-11-26,67.46404266357422
2024-11-27,68.3129653930664
2024-11-28,70.06073760986328
2024-11-29,69.36162567138672
2024-12-02,70.11066436767578
2024-12-03,70.11066436767578
2024-12-04,70.2105484008789
2024-12-05,70.90965270996094
2024-12-06,71.1093978881836
2024-12-09,71.15933227539062
2024-12-10,70.90965270996094
2024-12-11,69.21182250976562
2024-12-12,69.1119384765625
2024-12-13,69.1119384765625
2024-12-16,67.46404266357422
2024-12-17,67.96340942382812
2024-12-18,70.65997314453125
2024-12-19,69.81105041503906
2024-12-20,69.711181640625
2024-12-23,71.95832061767578
2024-12-24,72.55755615234375
2024-12-25,73.90583801269531
2024-12-26,74.30532836914062
2024-12-27,73.85589599609375
2024-12-30,73.10684967041016
2024-12-31,72.40774536132812
2025-01-02,73.4064712524414
2025-01-03,74.75475311279297
2025-01-06,75.40392303466797
2025-01-07,77.2016372680664
2025-01-08,76.50252532958984
2025-01-09,78.1004867553711
2025-01-10,78.25029754638672
2025-01-13,78.6997299194336
2025-01-14,78.4500503540039
2025-01-15,78.20036315917969
2025-01-16,80.14788055419922
2025-01-17,80.94686889648438
2025-01-20,82.24520874023438
2025-01-21,80.54737091064453
2025-01-22,81.8956527709961
2025-01-23,83.94304656982422
2025-01-24,85.0416488647461
2025-01-27,85.74075317382812
2025-01-28,89.53591918945312
2025-01-29,88.08776092529297
2025-01-30,88.68700408935547
2025-01-31,88.58712768554688
2025-02-03,88.13770294189453
2025-02-04,88.28751373291016
2025-02-05,86.0903091430664
2025-02-06,85.84062194824219
2025-02-07,85.5909423828125
2025-02-10,81.44622802734375
2025-02-11,81.6459732055664
2025-02-12,78.00061798095703
2025-02-13,79.54864501953125
2025-02-14,79.1990966796875
2025-02-17,80.59730529785156
2025-02-18,83.89311218261719
2025-02-19,83.69336700439453
2025-02-20,83.99298095703125
2025-02-21,82.64469909667969
2025-02-24,83.64342498779297
2025-02-25,80.89692687988281
2025-02-26,85.89056396484375
2025-02-27,89.8854751586914
2025-02-28,93.33108520507812
2025-03-03,97.92523193359375
2025-03-04,101.57058715820312
2025-03-05,105.26587677001953
2025-03-06,112.05722045898438
2025-03-07,108.06230926513672
2025-03-10,110.1596450805664
2025-03-11,116.85111999511719
2025-03-12,115.75251770019531
2025-03-13,116.15200805664062
2025-03-14,116.95098876953125
2025-03-17,121.54513549804688
2025-03-18,123.24297332763672
2025-03-19,112.1571044921875
2025-03-20,117.35047912597656
2025-03-21,110.35939025878906
2025-03-24,120.24679565429688
2025-03-25,117.35047912597656
2025-03-26,115.85238647460938
2025-03-27,116.85111999511719
2025-03-28,119.74742889404297
2025-04-02,118.14946746826172
2025-04-03,117.15074157714844
2025-04-04,117.2506103515625
2025-04-07,116.55149841308594
2025-04-08,118.6488265991211
2025-04-09,116.95098876953125
2025-04-10,122.94335174560547
2025-04-11,119.0483169555664
2025-04-14,119.148193359375
2025-04-15,116.45162200927734
2025-04-16,121.04576873779297
2025-04-17,128.33648681640625
2025-04-18,129.7346954345703
2025-04-21,127.73725128173828
2025-04-22,131.53240966796875
2025-04-24,134.32884216308594
2025-04-25,135.12783813476562
2025-04-28,138.42364501953125
2025-04-29,137.22515869140625
2025-04-30,134.82821655273438
2025-05-02,129.63482666015625
2025-05-05,129.63482666015625
2025-05-06,137.22515869140625
2025-05-07,144.01651000976562
2025-05-08,154.4032745361328
2025-05-09,149.01014709472656
2025-05-12,140.22132873535156
2025-05-13,136.6259307861328
2025-05-14,137.82440185546875
2025-05-15,137.3250274658203
2025-05-16,138.42364501953125
2025-05-20,132.13165283203125
2025-05-21,132.8307647705078
2025-05-22,136.82566833496094
2025-05-23,136.0266876220703
2025-05-26,136.12655639648438
2025-05-27,137.42491149902344
2025-05-28,134.92808532714844
2025-05-29,132.03176879882812
2025-05-30,129.43508911132812
2025-06-02,129.13546752929688
2025-06-03,127.43762969970703
2025-06-04,134.52859497070312
2025-06-05,139.32247924804688
2025-06-10,139.02285766601562
2025-06-11,141.1201934814453
2025-06-12,144.515869140625
2025-06-13,141.3199462890625
2025-06-16,138.72325134277344
2025-06-17,144.3161163330078
2025-06-18,141.3199462890625
2025-06-19,143.91664123535156
2025-06-20,146.11383056640625
2025-06-23,146.91282653808594
2025-06-24,142.41854858398438
2025-06-25,148.21115112304688
2025-06-26,140.12147521972656
2025-06-27,146.31358337402344
2025-06-30,150.6081085205078
2025-07-01,148.21115112304688
2025-07-02,145.41473388671875
2025-07-03,149.609375
2025-07-04,151.00759887695312
2025-07-07,151.1074676513672
2025-07-08,152.00631713867188
2025-07-09,149.50950622558594
2025-07-10,152.30593872070312
2025-07-11,153.8040313720703
2025-07-14,155.3021240234375
2025-07-16,161.49423217773438
2025-07-17,161.6939697265625
2025-07-18,165.98851013183594
2025-07-21,176.5750274658203
2025-07-22,176.27540588378906
2025-07-23,179.87083435058594
2025-07-24,182.36764526367188
2025-07-25,182.9668731689453
2025-07-28,181.06930541992188
2025-07-29,179.07183837890625
2025-07-30,180.07057189941406
2025-07-31,186.7620391845703
2025-08-01,184.16534423828125
2025-08-04,188.2601318359375
2025-08-05,184.86447143554688
2025-08-06,181.36892700195312
2025-08-07,178.772216796875
2025-08-08,180.2703094482422
2025-08-11,178.47259521484375
2025-08-12,171.7811279296875
2025-08-13,173.97833251953125
2025-08-14,169.78367614746094
2025-08-15,170.18316650390625
2025-08-18,171.48150634765625
2025-08-19,172.1806182861328
2025-08-20,181.26904296875
2025-08-21,180.07057189941406
2025-08-22,181.26904296875
2025-08-25,179.97068786621094
2025-08-26,185.26394653320312
2025-08-27,183.06675720214844
2025-08-28,183.5661163330078
2025-08-29,183.06675720214844
2025-09-01,178.27285766601562
2025-09-02,173.97833251953125
2025-09-03,178.57247924804688
2025-09-04,181.76840209960938
2025-09-05,174.77731323242188
2025-09-08,173.2792205810547
2025-09-09,173.4789581298828
2025-09-10,177.17425537109375
2025-09-11,171.88101196289062
2025-09-12,173.6787109375
2025-09-15,184.96432495117188
2025-09-16,194.95159912109375
2025-09-17,193.85301208496094
2025-09-18,191.95542907714844
2025-09-19,204.139892578125
2025-09-22,213.3282012939453
2025-09-23,210.93124389648438
2025-09-24,217.22323608398438
2025-09-25,218.022216796875
2025-09-26,217.0234832763672
2025-09-29,216.02476501464844
2025-09-30,214.72640991210938
2025-10-01,217.82247924804688
2025-10-02,216.72386169433594
2025-10-03,215.82501220703125
2025-10-06,214.9261474609375
2025-10-07,209.23341369628906
2025-10-08,215.32565307617188
2025-10-09,218.9210662841797
2025-10-10,213.2283172607422
2025-10-13,213.72769165039062
2025-10-14,211.730224609375
2025-10-15,207.2359619140625
2025-10-16,203.74041748046875
2025-10-17,194.6519775390625
2025-10-20,203.64053344726562
2025-10-21,205.33837890625
2025-10-22,207.33583068847656
2025-10-23,206.2372283935547
2025-10-24,203.64053344726562
2025-10-27,208.5343017578125
2025-10-28,211.1309814453125
2025-10-30,205.43824768066406
2025-10-31,203.34092712402344
2025-11-03,202.34219360351562
2025-11-04,197.04893493652344
2025-11-05,193.85301208496094
2025-11-06,187.16152954101562
2025-11-07,184.86447143554688
2025-11-10,186.1627960205078
2025-11-11,181.16915893554688
2025-11-12,183.3663787841797
2025-11-13,177.57374572753906
2025-11-14,175.7760467529297
2025-11-17,188.06039428710938
2025-11-18,187.96051025390625
2025-11-19,184.0654754638672
2025-11-20,184.56484985351562
2025-11-21,184.4649658203125
2025-11-24,184.16534423828125
2025-11-25,180.10000610351562
2025-11-26,184.10000610351562
2025-11-27,184.5
2025-11-28,183.39999389648438
2025-12-01,187.1999969482422
2025-12-02,187.6999969482422
2025-12-03,185.89999389648438
2025-12-04,185.10000610351562
2025-12-05,188.1999969482422
2025-12-08,193.6999969482422
2025-12-09,202.0
2025-12-10,205.8000030517578
2025-12-11,204.89999389648438
2025-12-12,204.0
2025-12-15,212.1999969482422
2025-12-16,209.3000030517578
2025-12-17,201.0
2025-12-18,204.39999389648438
2025-12-19,211.10000610351562
2025-12-22,212.8000030517578
2025-12-23,221.6999969482422
2025-12-24,224.6999969482422
2025-12-25,222.6999969482422
2025-12-26,226.10000610351562
2025-12-29,221.0
2025-12-30,229.0
2025-12-31,231.6999969482422
2026-01-02,230.1999969482422
2026-01-05,240.0
2026-01-06,257.0
2026-01-07,263.5
2026-01-08,262.75
2026-01-09,280.0
2026-01-12,283.0
2026-01-13,289.75
2026-01-14,288.0
2026-01-15,302.5
2026-01-16,309.25
2026-01-19,316.0
2026-01-20,336.75
2026-01-21,303.25
2026-01-22,300.25
2026-01-23,300.75
2026-01-26,323.25
2026-01-27,310.5
2026-01-28,307.5
2026-01-29,319.0
2026-01-30,303.25
2026-02-02,299.5
2026-02-03,296.75
2026-02-04,302.5
2026-02-05,285.0
2026-02-06,288.0
2026-02-09,292.0
2026-02-10,298.25
2026-02-11,294.0
2026-02-12,301.5
2026-02-13,302.25
2026-02-16,296.5
2026-02-17,294.0
2026-02-18,310.25
2026-02-19,307.0
2026-02-20,313.25
2026-02-23,310.5
2026-02-24,309.0
2026-02-25,306.25
2026-02-26,311.0
2026-02-27,322.0
2026-03-02,340.0
2026-03-03,322.25
2026-03-04,333.0
2026-03-05,345.0
2026-03-06,333.5
2026-03-09,319.0
2026-03-10,334.25
2026-03-11,335.75
2026-03-12,330.0
2026-03-13,322.25
2026-03-16,320.5
2026-03-17,341.25
2026-03-18,348.75
2026-03-19,338.75
2026-03-23,353.25
2026-03-24,352.0
2026-03-25,337.5
2026-03-26,338.0
2026-03-27,330.75
2026-03-30,320.5
2026-03-31,320.25
2026-04-01,320.25
2026-04-02,336.5
2026-04-03,330.5
2026-04-06,337.0
2026-04-07,342.0
2026-04-08,362.25
2026-04-09,376.75
2026-04-10,398.5
2026-04-13,415.25
2026-04-14,411.75
2026-04-15,416.75
2026-04-16,411.0
2026-04-17,414.0
2026-04-20,408.0
2026-04-21,396.5
2026-04-22,396.5
2026-04-24,392.0
2026-04-27,415.0
2026-04-28,414.5
2026-04-29,425.5
2026-04-30,420.25
2026-05-04,431.75
2026-05-05,427.25
2026-05-06,434.0
2026-05-07,428.0
2026-05-08,428.5
2026-05-11,431.75
2026-05-12,419.25
2026-05-13,412.75
2026-05-14,415.5
2026-05-15,415.0
2026-05-18,402.0
2026-05-20,393.5
2026-05-21,377.75
2026-05-22,410.0
2026-05-25,401.75
2026-05-26,380.25
2026-05-27,380.25
